nb_cycle_retour,moy_cycle_retour,dist_veto,propor_utilisa_retour,jour_marche
22,16,15.0,53.94736842105263,4
0,0,15.0,0.0,4
22,16,15.0,53.94736842105263,4
0,0,15.0,0.0,4
22,16,15.0,53.94736842105263,4
0,0,15.0,0.0,4
22,16,15.0,53.94736842105263,4
22,16,15.0,54.02046783625731,4
22,16,15.0,54.02046783625731,4
22,16,15.0,54.02046783625731,4
22,16,15.0,53.94736842105263,4
22,16,15.0,53.94736842105263,4
22,16,15.0,53.94736842105263,4
22,16,15.0,54.02046783625731,4
22,16,15.0,53.94736842105263,4
23,16,15.0,53.94736842105263,4
23,16,15.0,54.02046783625731,4
23,16,15.0,53.94736842105263,4
23,16,15.0,53.94736842105263,4
23,16,15.0,53.94736842105263,4
23,16,15.0,54.02046783625731,4
23,16,15.0,53.94736842105263,4
23,16,15.0,54.02046783625731,4
23,16,15.0,53.94736842105263,4
23,16,15.0,54.02046783625731,4
23,16,15.0,53.94736842105263,4
23,16,15.0,54.02046783625731,4
23,16,15.0,54.02046783625731,4
23,16,15.0,53.94736842105263,4
23,16,15.0,53.94736842105263,4
23,16,15.0,53.94736842105263,4
23,16,15.0,54.02046783625731,4
22,16,15.0,53.94736842105263,4
22,16,15.0,53.94736842105263,4
23,16,15.0,53.94736842105263,4
22,16,15.0,53.94736842105263,4
0,0,15.0,0.0,4
23,16,15.0,53.94736842105263,4
23,16,15.0,53.94736842105263,4
22,16,15.0,53.94736842105263,4
23,16,15.0,53.94736842105263,4
23,16,15.0,53.94736842105263,4
23,16,15.0,53.94736842105263,4
23,16,15.0,53.94736842105263,4
23,16,15.0,53.94736842105263,4
23,16,15.0,53.94736842105263,4
23,16,15.0,53.94736842105263,4
23,16,15.0,54.02046783625731,4
23,16,15.0,54.02046783625731,4
23,16,15.0,53.94736842105263,4
24,16,15.0,53.94736842105263,4
24,16,15.0,53.94736842105263,4
23,16,15.0,54.02046783625731,4
24,16,15.0,53.94736842105263,4
24,16,15.0,53.94736842105263,4
24,16,15.0,54.02046783625731,4
22,16,15.0,53.50877192982456,5
22,16,15.0,53.50877192982456,5
22,16,15.0,53.58187134502924,5
22,16,15.0,53.58187134502924,5
22,16,15.0,53.50877192982456,5
23,16,15.0,53.50877192982456,5
23,16,15.0,53.50877192982456,5
22,16,15.0,53.58187134502924,5
0,0,15.0,0.0,5
22,16,15.0,53.58187134502924,5
23,16,15.0,53.58187134502924,5
22,16,15.0,53.58187134502924,5
22,16,15.0,53.58187134502924,5
23,16,15.0,53.58187134502924,5
23,16,15.0,53.50877192982456,5
22,16,15.0,53.58187134502924,5
23,16,15.0,53.58187134502924,5
21,16,15.0,53.50877192982456,5
21,16,15.0,53.50877192982456,5
23,16,15.0,53.58187134502924,5
22,16,15.0,53.50877192982456,5
22,16,15.0,53.50877192982456,5
22,16,15.0,53.58187134502924,5
22,16,15.0,53.50877192982456,5
23,16,15.0,53.58187134502924,5
23,16,15.0,53.50877192982456,5
23,16,15.0,53.58187134502924,5
22,16,15.0,53.50877192982456,5
23,16,15.0,53.50877192982456,5
22,16,15.0,53.50877192982456,5
22,16,15.0,53.50877192982456,5
23,16,15.0,53.50877192982456,5
24,16,15.0,53.50877192982456,5
23,16,15.0,53.50877192982456,5
23,16,15.0,53.50877192982456,5
23,16,15.0,53.50877192982456,5
23,16,15.0,53.50877192982456,5
24,16,15.0,53.50877192982456,5
22,16,15.0,53.58187134502924,5
22,16,15.0,53.58187134502924,5
22,16,15.0,53.58187134502924,5
22,16,15.0,53.58187134502924,5
23,16,15.0,53.58187134502924,5
22,16,15.0,53.58187134502924,5
23,16,15.0,53.58187134502924,5
22,16,15.0,53.50877192982456,5
22,16,15.0,53.50877192982456,5
23,16,15.0,53.58187134502924,5
23,16,15.0,53.50877192982456,5
22,16,15.0,53.58187134502924,5
22,16,15.0,53.43567251461988,5
22,16,15.0,53.43567251461988,5
23,16,15.0,53.43567251461988,5
23,16,15.0,53.50877192982456,5
23,16,15.0,53.50877192982456,5
23,16,15.0,53.43567251461988,5
23,16,15.0,53.65497076023392,5
22,16,15.0,54.239766081871345,6
22,16,15.0,54.459064327485386,6
23,16,15.0,54.459064327485386,6
23,16,15.0,54.239766081871345,6
23,16,15.0,54.09356725146199,6
22,16,15.0,54.166666666666664,6
23,16,15.0,54.166666666666664,6
22,16,15.0,54.166666666666664,6
23,16,15.0,54.239766081871345,6
23,16,15.0,54.459064327485386,6
21,16,15.0,54.239766081871345,6
22,16,15.0,54.239766081871345,6
22,16,15.0,54.166666666666664,6
21,16,15.0,54.239766081871345,6
22,16,15.0,54.239766081871345,6
23,16,15.0,54.166666666666664,6
22,16,15.0,54.239766081871345,6
23,16,15.0,54.166666666666664,6
23,16,15.0,54.09356725146199,6
22,16,15.0,54.239766081871345,6
23,16,15.0,54.239766081871345,6
22,16,15.0,54.09356725146199,6
22,16,15.0,54.09356725146199,6
22,16,15.0,54.312865497076025,6
22,16,15.0,54.312865497076025,6
22,16,15.0,54.09356725146199,6
23,16,15.0,54.166666666666664,6
22,16,15.0,54.239766081871345,6
23,16,15.0,54.09356725146199,6
22,16,15.0,54.239766081871345,6
23,16,15.0,54.09356725146199,6
22,16,15.0,54.239766081871345,6
22,16,15.0,54.09356725146199,6
23,16,15.0,54.09356725146199,6
23,16,15.0,54.09356725146199,6
22,16,15.0,54.239766081871345,6
23,16,15.0,54.239766081871345,6
23,16,15.0,54.09356725146199,6
23,16,15.0,54.09356725146199,6
22,16,15.0,53.143274853801174,7
0,0,15.0,0.0,7
21,16,15.0,53.143274853801174,7
22,16,15.0,53.143274853801174,7
22,16,15.0,53.07017543859649,7
23,16,15.0,53.07017543859649,7
22,16,15.0,53.143274853801174,7
22,16,15.0,53.216374269005854,7
23,16,15.0,53.216374269005854,7
21,16,15.0,53.143274853801174,7
23,16,15.0,53.07017543859649,7
21,16,15.0,53.143274853801174,7
22,16,15.0,53.07017543859649,7
23,16,15.0,53.07017543859649,7
23,16,15.0,53.07017543859649,7
22,16,15.0,53.143274853801174,7
24,16,15.0,53.07017543859649,7
22,16,15.0,53.143274853801174,7
23,16,15.0,53.07017543859649,7
22,16,15.0,53.07017543859649,7
24,16,15.0,53.07017543859649,7
22,16,15.0,53.143274853801174,7
23,16,15.0,53.07017543859649,7
23,16,15.0,53.216374269005854,7
23,16,15.0,53.07017543859649,7
23,16,15.0,53.07017543859649,7
22,16,15.0,53.216374269005854,7
23,16,15.0,53.216374269005854,7
0,0,15.0,0.0,7
23,16,15.0,53.216374269005854,7
22,16,15.0,53.07017543859649,7
23,16,15.0,53.216374269005854,7
22,16,15.0,53.216374269005854,7
23,16,15.0,53.07017543859649,7
23,16,15.0,53.289473684210535,7
22,16,15.0,53.216374269005854,7
0,0,15.0,0.0,7
23,16,15.0,53.07017543859649,7
23,16,15.0,53.216374269005854,7
23,16,15.0,53.07017543859649,7
23,16,15.0,53.07017543859649,7
23,16,15.0,53.216374269005854,7
23,16,15.0,53.143274853801174,7
23,16,15.0,53.07017543859649,7
23,16,15.0,53.216374269005854,7
24,16,15.0,53.07017543859649,7
23,16,15.0,53.143274853801174,7
24,16,15.0,53.07017543859649,7
22,15,15.0,53.143274853801174,8
22,15,15.0,53.143274853801174,8
23,15,15.0,53.143274853801174,8
0,0,15.0,0.0,8
21,16,15.0,53.143274853801174,8
22,15,15.0,53.143274853801174,8
22,15,15.0,53.143274853801174,8
22,15,15.0,53.216374269005854,8
22,16,15.0,53.143274853801174,8
22,15,15.0,53.143274853801174,8
22,15,15.0,53.143274853801174,8
22,15,15.0,53.216374269005854,8
23,15,15.0,53.143274853801174,8
22,15,15.0,53.216374269005854,8
0,0,15.0,0.0,8
23,15,15.0,53.143274853801174,8
0,0,15.0,0.0,8
22,15,15.0,53.143274853801174,8
23,15,15.0,53.143274853801174,8
23,15,15.0,53.143274853801174,8
23,15,15.0,53.143274853801174,8
23,15,15.0,53.143274853801174,8
22,16,15.0,53.143274853801174,8
22,16,15.0,53.216374269005854,8
22,16,15.0,53.216374269005854,8
22,16,15.0,53.143274853801174,8
22,16,15.0,53.216374269005854,8
22,16,15.0,53.216374269005854,8
23,16,15.0,53.216374269005854,8
22,16,15.0,53.216374269005854,8
22,16,15.0,53.143274853801174,8
22,16,15.0,53.143274853801174,8
22,15,15.0,53.07017543859649,8
22,15,15.0,53.07017543859649,8
22,16,15.0,53.143274853801174,8
0,0,15.0,0.0,8
23,15,15.0,53.07017543859649,8
23,16,15.0,53.143274853801174,8
22,16,15.0,53.216374269005854,8
22,16,15.0,53.143274853801174,8
23,15,15.0,53.07017543859649,8
22,16,15.0,53.216374269005854,8
23,15,15.0,53.07017543859649,8
23,15,15.0,53.07017543859649,8
23,16,15.0,53.216374269005854,8
23,15,15.0,53.07017543859649,8
23,15,15.0,53.07017543859649,8
23,15,15.0,53.07017543859649,8
22,16,15.0,54.239766081871345,9
23,16,15.0,54.239766081871345,9
0,0,15.0,0.0,9
22,16,15.0,54.459064327485386,9
22,16,15.0,54.459064327485386,9
22,16,15.0,54.459064327485386,9
23,16,15.0,54.459064327485386,9
23,16,15.0,54.459064327485386,9
22,16,15.0,54.312865497076025,9
23,16,15.0,54.166666666666664,9
22,16,15.0,54.239766081871345,9
23,16,15.0,54.239766081871345,9
23,16,15.0,54.239766081871345,9
22,16,15.0,54.385964912280706,9
23,16,15.0,54.239766081871345,9
22,16,15.0,54.385964912280706,9
22,16,15.0,54.312865497076025,9
22,16,15.0,54.385964912280706,9
22,16,15.0,54.312865497076025,9
22,16,15.0,54.166666666666664,9
22,16,15.0,54.239766081871345,9
23,16,15.0,54.239766081871345,9
22,16,15.0,54.166666666666664,9
23,16,15.0,54.239766081871345,9
23,16,15.0,54.166666666666664,9
23,16,15.0,54.166666666666664,9
23,16,15.0,54.166666666666664,9
22,16,15.0,54.239766081871345,9
23,16,15.0,54.239766081871345,9
23,16,15.0,54.239766081871345,9
22,16,15.0,54.239766081871345,9
23,16,15.0,54.09356725146199,9
22,16,15.0,54.239766081871345,9
22,16,15.0,54.312865497076025,9
22,16,15.0,54.239766081871345,9
22,16,15.0,54.312865497076025,9
23,16,15.0,54.239766081871345,9
22,16,15.0,54.312865497076025,9
23,16,15.0,54.239766081871345,9
22,16,15.0,54.312865497076025,9
23,16,15.0,54.312865497076025,9
23,16,15.0,54.312865497076025,9
22,16,15.0,54.166666666666664,9
0,0,15.0,0.0,9
22,16,15.0,54.166666666666664,9
22,16,15.0,54.166666666666664,9
22,16,15.0,54.312865497076025,9
23,16,15.0,54.166666666666664,9
22,16,15.0,54.312865497076025,9
23,16,15.0,54.166666666666664,9
22,16,15.0,54.312865497076025,9
22,15,15.0,52.85087719298246,10
22,15,15.0,52.85087719298246,10
22,15,15.0,52.85087719298246,10
22,15,15.0,52.85087719298246,10
22,15,15.0,52.99707602339181,10
22,15,15.0,52.99707602339181,10
22,15,15.0,52.99707602339181,10
23,16,15.0,52.99707602339181,10
0,0,15.0,0.0,10
0,0,15.0,0.0,10
21,15,15.0,52.85087719298246,10
22,16,15.0,52.85087719298246,10
23,16,15.0,52.85087719298246,10
0,0,15.0,0.0,10
22,15,15.0,52.85087719298246,10
0,0,15.0,0.0,10
22,15,15.0,52.85087719298246,10
21,16,15.0,52.99707602339181,10
22,16,15.0,52.99707602339181,10
22,16,15.0,52.99707602339181,10
22,16,15.0,52.99707602339181,10
22,16,15.0,52.85087719298246,10
22,16,15.0,52.99707602339181,10
22,16,15.0,52.85087719298246,10
22,16,15.0,52.85087719298246,10
22,16,15.0,52.85087719298246,10
22,16,15.0,52.92397660818714,10
23,16,15.0,52.92397660818714,10
23,16,15.0,52.92397660818714,10
21,15,15.0,52.99707602339181,10
22,15,15.0,52.85087719298246,10
23,15,15.0,52.85087719298246,10
22,15,15.0,52.85087719298246,10
0,0,15.0,0.0,10
22,15,15.0,52.99707602339181,10
22,15,15.0,52.85087719298246,10
22,15,15.0,52.99707602339181,10
22,15,15.0,52.85087719298246,10
22,15,15.0,52.99707602339181,10
22,15,15.0,52.85087719298246,10
23,15,15.0,52.99707602339181,10
23,15,15.0,52.99707602339181,10
22,16,15.0,52.92397660818714,10
23,15,15.0,52.85087719298246,10
23,15,15.0,52.99707602339181,10
23,15,15.0,52.85087719298246,10
23,15,15.0,52.85087719298246,10
23,15,15.0,52.99707602339181,10
22,16,15.0,52.85087719298246,10
23,15,15.0,52.85087719298246,10
22,16,15.0,52.85087719298246,10
22,16,15.0,52.85087719298246,10
22,16,15.0,52.85087719298246,10
23,16,15.0,52.85087719298246,10
23,16,15.0,52.85087719298246,10
23,16,15.0,52.85087719298246,10
22,16,15.0,52.85087719298246,11
23,16,15.0,52.85087719298246,11
23,16,15.0,52.85087719298246,11
23,16,15.0,52.7046783625731,11
23,16,15.0,52.85087719298246,11
22,16,15.0,52.7046783625731,11
21,16,15.0,52.85087719298246,11
23,16,15.0,52.77777777777778,11
23,16,15.0,52.7046783625731,11
21,16,15.0,52.85087719298246,11
22,16,15.0,52.85087719298246,11
23,16,15.0,52.7046783625731,11
23,16,15.0,52.77777777777778,11
24,16,15.0,52.77777777777778,11
22,16,15.0,52.85087719298246,11
0,0,15.0,0.0,11
0,0,15.0,0.0,11
22,16,15.0,52.92397660818714,11
22,16,15.0,52.85087719298246,11
22,16,15.0,52.85087719298246,11
22,16,15.0,52.85087719298246,11
23,16,15.0,52.7046783625731,11
22,16,15.0,52.85087719298246,11
23,16,15.0,52.7046783625731,11
23,16,15.0,52.7046783625731,11
22,16,15.0,52.85087719298246,11
22,16,15.0,52.85087719298246,11
22,16,15.0,52.85087719298246,11
23,16,15.0,52.85087719298246,11
23,16,15.0,52.77777777777778,11
22,16,15.0,52.77777777777778,11
23,16,15.0,52.77777777777778,11
22,16,15.0,52.77777777777778,11
22,16,15.0,52.77777777777778,11
23,16,15.0,52.77777777777778,11
23,16,15.0,52.77777777777778,11
23,16,15.0,52.77777777777778,11
23,16,15.0,52.77777777777778,11
22,16,15.0,52.77777777777778,11
24,16,15.0,52.77777777777778,11
23,16,15.0,52.77777777777778,11
23,16,15.0,52.77777777777778,11
23,16,15.0,52.77777777777778,11
22,16,15.0,52.92397660818714,11
22,16,15.0,52.92397660818714,11
23,16,15.0,52.92397660818714,11
23,16,15.0,52.85087719298246,11
23,16,15.0,52.63157894736842,11
0,0,15.0,0.0,12
21,16,15.0,52.92397660818714,12
22,16,15.0,52.92397660818714,12
22,16,15.0,52.7046783625731,12
0,0,15.0,0.0,12
22,16,15.0,52.85087719298246,12
22,16,15.0,52.85087719298246,12
23,16,15.0,52.85087719298246,12
0,0,15.0,0.0,12
23,16,15.0,52.85087719298246,12
22,16,15.0,52.77777777777778,12
21,16,15.0,52.85087719298246,12
23,16,15.0,52.85087719298246,12
22,16,15.0,52.77777777777778,12
23,16,15.0,52.85087719298246,12
23,16,15.0,52.85087719298246,12
22,16,15.0,52.77777777777778,12
23,16,15.0,52.77777777777778,12
23,16,15.0,52.77777777777778,12
22,16,15.0,52.92397660818714,12
22,16,15.0,52.92397660818714,12
0,0,15.0,0.0,12
22,16,15.0,52.99707602339181,12
23,16,15.0,52.99707602339181,12
23,16,15.0,52.99707602339181,12
23,16,15.0,52.85087719298246,12
23,16,15.0,52.85087719298246,12
23,16,15.0,52.85087719298246,12
24,16,15.0,52.85087719298246,12
23,16,15.0,52.92397660818714,12
23,16,15.0,52.92397660818714,12
23,16,15.0,52.92397660818714,12
24,16,15.0,52.92397660818714,12
0,0,15.0,0.0,12
0,0,15.0,0.0,12
22,16,15.0,52.92397660818714,12
22,16,15.0,52.92397660818714,12
23,16,15.0,52.92397660818714,12
23,16,15.0,52.92397660818714,12
22,16,15.0,52.77777777777778,12
22,16,15.0,52.77777777777778,12
22,16,15.0,52.77777777777778,12
22,16,15.0,52.77777777777778,12
23,16,15.0,52.92397660818714,12
23,16,15.0,52.77777777777778,12
22,16,15.0,52.85087719298246,12
0,0,15.0,0.0,12
22,16,15.0,52.85087719298246,12
23,16,15.0,52.85087719298246,12
22,16,15.0,52.77777777777778,12
23,16,15.0,52.85087719298246,12
23,16,15.0,52.85087719298246,12
23,16,15.0,52.85087719298246,12
24,16,15.0,52.85087719298246,12
0,0,15.0,0.0,12
22,16,15.0,52.92397660818714,12
22,16,15.0,52.92397660818714,12
22,16,15.0,52.92397660818714,12
23,16,15.0,52.92397660818714,12
23,16,15.0,52.92397660818714,12
23,16,15.0,52.85087719298246,12
23,16,15.0,52.85087719298246,12
23,16,15.0,52.85087719298246,12
24,16,15.0,52.85087719298246,12
22,16,15.0,53.216374269005854,13
22,16,15.0,53.3625730994152,13
22,16,15.0,53.289473684210535,13
22,16,15.0,53.289473684210535,13
22,16,15.0,53.289473684210535,13
22,16,15.0,53.289473684210535,13
22,16,15.0,53.289473684210535,13
23,16,15.0,53.289473684210535,13
23,16,15.0,53.289473684210535,13
23,16,15.0,53.289473684210535,13
0,0,15.0,0.0,13
22,16,15.0,53.289473684210535,13
23,16,15.0,53.289473684210535,13
0,0,15.0,0.0,13
22,16,15.0,53.289473684210535,13
21,16,15.0,53.3625730994152,13
24,16,15.0,53.289473684210535,13
23,16,15.0,53.289473684210535,13
22,16,15.0,53.3625730994152,13
23,16,15.0,53.289473684210535,13
22,16,15.0,53.3625730994152,13
22,16,15.0,53.3625730994152,13
0,0,15.0,0.0,13
23,16,15.0,53.216374269005854,13
23,16,15.0,53.216374269005854,13
22,16,15.0,53.289473684210535,13
23,16,15.0,53.289473684210535,13
22,16,15.0,53.3625730994152,13
22,16,15.0,53.3625730994152,13
23,16,15.0,53.3625730994152,13
23,16,15.0,53.3625730994152,13
23,16,15.0,53.3625730994152,13
22,16,15.0,53.216374269005854,13
22,16,15.0,53.216374269005854,13
21,16,15.0,53.216374269005854,13
22,16,15.0,53.216374269005854,13
22,16,15.0,53.216374269005854,13
23,16,15.0,53.216374269005854,13
23,16,15.0,53.216374269005854,13
23,16,15.0,53.216374269005854,13
23,16,15.0,53.216374269005854,13
23,16,15.0,53.216374269005854,13
24,16,15.0,53.216374269005854,13
22,16,15.0,53.3625730994152,13
22,16,15.0,53.3625730994152,13
23,16,15.0,53.3625730994152,13
23,16,15.0,53.3625730994152,13
23,16,15.0,53.3625730994152,13
23,16,15.0,53.3625730994152,13
22,16,15.0,53.3625730994152,13
24,16,15.0,53.3625730994152,13
23,16,15.0,52.92397660818714,14
24,16,15.0,52.92397660818714,14
22,16,15.0,52.99707602339181,14
22,16,15.0,52.99707602339181,14
23,16,15.0,52.99707602339181,14
22,16,15.0,52.99707602339181,14
23,16,15.0,52.99707602339181,14
23,16,15.0,52.85087719298246,14
23,16,15.0,52.92397660818714,14
23,16,15.0,52.92397660818714,14
24,16,15.0,52.92397660818714,14
23,16,15.0,52.92397660818714,14
0,0,15.0,0.0,14
23,16,15.0,52.99707602339181,14
21,16,15.0,52.85087719298246,14
23,16,15.0,52.99707602339181,14
21,16,15.0,52.85087719298246,14
22,16,15.0,52.85087719298246,14
24,16,15.0,52.99707602339181,14
22,16,15.0,52.85087719298246,14
0,0,15.0,0.0,14
22,16,15.0,52.92397660818714,14
22,16,15.0,52.92397660818714,14
23,16,15.0,52.92397660818714,14
23,16,15.0,52.92397660818714,14
0,0,15.0,0.0,14
21,16,15.0,52.85087719298246,14
22,16,15.0,52.92397660818714,14
23,16,15.0,52.92397660818714,14
21,16,15.0,52.85087719298246,14
23,16,15.0,53.07017543859649,14
22,16,15.0,52.85087719298246,14
22,16,15.0,52.85087719298246,14
22,16,15.0,52.85087719298246,14
22,16,15.0,52.85087719298246,14
23,16,15.0,52.85087719298246,14
0,0,15.0,0.0,14
23,16,15.0,52.85087719298246,14
23,16,15.0,53.07017543859649,14
23,16,15.0,53.07017543859649,14
23,16,15.0,52.85087719298246,14
23,16,15.0,52.85087719298246,14
24,16,15.0,52.85087719298246,14
23,16,15.0,52.99707602339181,14
23,16,15.0,52.92397660818714,14
0,0,20.0,0.0,4
22,16,20.0,54.239766081871345,4
21,16,20.0,54.239766081871345,4
22,16,20.0,54.239766081871345,4
22,16,20.0,54.239766081871345,4
22,16,20.0,54.239766081871345,4
22,16,20.0,54.239766081871345,4
23,16,20.0,54.239766081871345,4
23,16,20.0,54.239766081871345,4
23,16,20.0,54.239766081871345,4
23,16,20.0,54.239766081871345,4
24,16,20.0,54.239766081871345,4
0,0,20.0,0.0,4
22,16,20.0,54.239766081871345,4
22,16,20.0,54.166666666666664,4
23,16,20.0,54.239766081871345,4
22,16,20.0,54.166666666666664,4
22,16,20.0,54.166666666666664,4
23,16,20.0,54.166666666666664,4
23,16,20.0,54.166666666666664,4
23,16,20.0,54.239766081871345,4
23,16,20.0,54.312865497076025,4
23,16,20.0,54.239766081871345,4
24,16,20.0,54.239766081871345,4
22,16,20.0,54.312865497076025,4
23,16,20.0,54.312865497076025,4
22,16,20.0,54.312865497076025,4
21,16,20.0,54.239766081871345,4
22,16,20.0,54.239766081871345,4
22,16,20.0,54.239766081871345,4
22,16,20.0,54.239766081871345,4
22,16,20.0,54.239766081871345,4
23,16,20.0,54.239766081871345,4
23,16,20.0,54.312865497076025,4
21,16,20.0,54.312865497076025,4
22,16,20.0,54.312865497076025,4
22,16,20.0,54.312865497076025,4
22,16,20.0,54.312865497076025,4
22,16,20.0,54.312865497076025,4
23,16,20.0,54.312865497076025,4
23,16,20.0,54.385964912280706,4
0,0,20.0,0.0,4
23,16,20.0,54.385964912280706,4
22,16,20.0,54.239766081871345,4
22,16,20.0,54.239766081871345,4
22,16,20.0,54.239766081871345,4
23,16,20.0,54.239766081871345,4
23,16,20.0,54.239766081871345,4
23,16,20.0,54.239766081871345,4
23,16,20.0,54.239766081871345,4
23,16,20.0,54.239766081871345,4
0,0,20.0,0.0,4
22,16,20.0,54.166666666666664,4
23,16,20.0,54.166666666666664,4
23,16,20.0,54.166666666666664,4
23,16,20.0,54.385964912280706,4
23,16,20.0,54.385964912280706,4
24,16,20.0,54.385964912280706,4
22,16,20.0,54.751461988304094,5
23,16,20.0,54.751461988304094,5
23,16,20.0,54.751461988304094,5
23,16,20.0,54.751461988304094,5
22,16,20.0,54.67836257309941,5
0,0,20.0,0.0,5
23,16,20.0,54.459064327485386,5
22,16,20.0,54.67836257309941,5
23,16,20.0,54.67836257309941,5
23,16,20.0,54.67836257309941,5
23,16,20.0,54.67836257309941,5
23,16,20.0,54.67836257309941,5
23,16,20.0,54.67836257309941,5
24,16,20.0,54.751461988304094,5
22,16,20.0,54.60526315789473,5
22,16,20.0,54.60526315789473,5
22,16,20.0,54.60526315789473,5
23,16,20.0,54.67836257309941,5
23,16,20.0,54.67836257309941,5
22,16,20.0,54.67836257309941,5
23,16,20.0,54.751461988304094,5
22,16,20.0,54.67836257309941,5
22,16,20.0,54.67836257309941,5
23,16,20.0,54.67836257309941,5
23,16,20.0,54.67836257309941,5
23,16,20.0,54.67836257309941,5
23,16,20.0,54.67836257309941,5
24,16,20.0,54.751461988304094,5
23,16,20.0,54.60526315789473,5
23,16,20.0,54.60526315789473,5
23,16,20.0,54.67836257309941,5
23,16,20.0,54.67836257309941,5
23,16,20.0,54.824561403508774,5
23,16,20.0,54.67836257309941,5
23,16,20.0,54.824561403508774,5
23,16,20.0,54.751461988304094,5
24,16,20.0,54.751461988304094,5
23,16,20.0,54.53216374269005,5
23,16,20.0,54.53216374269005,5
23,16,20.0,54.53216374269005,5
0,0,20.0,0.0,5
23,16,20.0,54.53216374269005,5
23,16,20.0,54.89766081871345,5
23,16,20.0,54.89766081871345,5
23,16,20.0,54.751461988304094,5
0,0,20.0,0.0,5
22,16,20.0,54.751461988304094,5
24,16,20.0,54.824561403508774,5
22,16,20.0,54.751461988304094,5
23,16,20.0,54.751461988304094,5
22,16,20.0,54.67836257309941,5
23,16,20.0,54.751461988304094,5
23,16,20.0,54.751461988304094,5
23,16,20.0,54.751461988304094,5
24,16,20.0,54.751461988304094,5
24,16,20.0,54.751461988304094,5
24,16,20.0,54.751461988304094,5
22,16,20.0,54.53216374269005,5
22,16,20.0,54.67836257309941,5
23,16,20.0,54.67836257309941,5
23,16,20.0,54.53216374269005,5
23,16,20.0,54.53216374269005,5
23,16,20.0,54.824561403508774,6
22,16,20.0,54.67836257309941,6
22,16,20.0,54.67836257309941,6
22,16,20.0,54.67836257309941,6
22,16,20.0,54.67836257309941,6
23,16,20.0,54.67836257309941,6
23,16,20.0,54.67836257309941,6
0,0,20.0,0.0,6
23,16,20.0,54.751461988304094,6
23,16,20.0,54.751461988304094,6
23,16,20.0,54.751461988304094,6
23,16,20.0,54.67836257309941,6
23,16,20.0,54.67836257309941,6
23,16,20.0,54.751461988304094,6
23,16,20.0,54.751461988304094,6
24,16,20.0,54.67836257309941,6
22,16,20.0,54.824561403508774,6
22,16,20.0,54.824561403508774,6
22,16,20.0,54.824561403508774,6
22,16,20.0,54.824561403508774,6
24,16,20.0,54.751461988304094,6
24,16,20.0,54.751461988304094,6
0,0,20.0,0.0,6
23,16,20.0,54.751461988304094,6
23,16,20.0,54.751461988304094,6
23,16,20.0,54.751461988304094,6
24,16,20.0,54.751461988304094,6
24,16,20.0,54.751461988304094,6
24,16,20.0,54.751461988304094,6
22,16,20.0,54.824561403508774,6
22,16,20.0,54.67836257309941,6
23,16,20.0,54.67836257309941,6
0,0,20.0,0.0,6
22,16,20.0,54.67836257309941,6
22,16,20.0,54.67836257309941,6
0,0,20.0,0.0,6
22,16,20.0,54.67836257309941,6
23,16,20.0,54.67836257309941,6
23,16,20.0,54.67836257309941,6
23,16,20.0,54.67836257309941,6
23,16,20.0,54.67836257309941,6
23,16,20.0,54.67836257309941,6
23,16,20.0,54.67836257309941,6
24,16,20.0,54.67836257309941,6
24,16,20.0,54.67836257309941,6
22,16,20.0,54.67836257309941,6
24,16,20.0,54.67836257309941,6
23,16,20.0,54.67836257309941,6
22,16,20.0,54.67836257309941,6
23,16,20.0,54.67836257309941,6
23,16,20.0,54.67836257309941,6
23,16,20.0,54.67836257309941,6
23,16,20.0,54.67836257309941,6
23,16,20.0,54.67836257309941,6
23,16,20.0,54.67836257309941,6
24,16,20.0,54.67836257309941,6
24,16,20.0,54.67836257309941,6
23,16,20.0,54.67836257309941,6
23,16,20.0,54.67836257309941,6
23,16,20.0,54.67836257309941,6
24,16,20.0,54.751461988304094,6
21,16,20.0,53.72807017543859,7
0,0,20.0,0.0,7
22,16,20.0,53.72807017543859,7
23,16,20.0,53.72807017543859,7
23,16,20.0,53.80116959064327,7
23,16,20.0,53.80116959064327,7
22,16,20.0,53.65497076023392,7
23,16,20.0,53.65497076023392,7
23,16,20.0,53.72807017543859,7
23,16,20.0,53.72807017543859,7
23,16,20.0,53.43567251461988,7
23,16,20.0,53.43567251461988,7
22,16,20.0,53.3625730994152,7
22,16,20.0,53.3625730994152,7
23,16,20.0,53.3625730994152,7
23,16,20.0,53.43567251461988,7
0,0,20.0,0.0,7
23,16,20.0,53.43567251461988,7
23,16,20.0,53.72807017543859,7
22,16,20.0,53.50877192982456,7
23,16,20.0,53.50877192982456,7
23,16,20.0,53.50877192982456,7
23,16,20.0,53.87426900584795,7
23,16,20.0,53.80116959064327,7
23,16,20.0,53.80116959064327,7
21,16,20.0,53.87426900584795,7
21,16,20.0,53.87426900584795,7
22,16,20.0,53.80116959064327,7
22,16,20.0,53.80116959064327,7
23,16,20.0,53.72807017543859,7
22,16,20.0,53.58187134502924,7
22,16,20.0,53.58187134502924,7
22,16,20.0,53.289473684210535,7
23,16,20.0,53.289473684210535,7
0,0,20.0,0.0,7
0,0,20.0,0.0,7
0,0,20.0,0.0,7
23,16,20.0,53.50877192982456,7
22,15,20.0,53.50877192982456,8
21,15,20.0,53.50877192982456,8
21,15,20.0,53.50877192982456,8
22,16,20.0,53.43567251461988,8
22,16,20.0,53.43567251461988,8
22,16,20.0,53.43567251461988,8
23,16,20.0,53.43567251461988,8
21,16,20.0,53.289473684210535,8
21,16,20.0,53.3625730994152,8
21,16,20.0,53.3625730994152,8
21,15,20.0,53.50877192982456,8
22,16,20.0,53.3625730994152,8
22,15,20.0,53.50877192982456,8
22,16,20.0,53.3625730994152,8
23,16,20.0,53.43567251461988,8
22,16,20.0,53.3625730994152,8
22,16,20.0,53.3625730994152,8
23,16,20.0,53.43567251461988,8
23,16,20.0,53.43567251461988,8
0,0,20.0,0.0,8
22,15,20.0,53.43567251461988,8
22,15,20.0,53.43567251461988,8
22,16,20.0,53.43567251461988,8
23,16,20.0,53.43567251461988,8
22,15,20.0,53.43567251461988,8
22,15,20.0,53.43567251461988,8
22,15,20.0,53.43567251461988,8
22,15,20.0,53.43567251461988,8
23,15,20.0,53.43567251461988,8
23,15,20.0,53.43567251461988,8
23,15,20.0,53.43567251461988,8
23,15,20.0,53.43567251461988,8
22,16,20.0,53.43567251461988,8
22,16,20.0,53.43567251461988,8
23,16,20.0,53.43567251461988,8
22,15,20.0,53.43567251461988,8
23,15,20.0,53.43567251461988,8
22,15,20.0,53.43567251461988,8
23,15,20.0,53.43567251461988,8
23,16,20.0,53.50877192982456,8
21,15,20.0,53.3625730994152,8
22,15,20.0,53.3625730994152,8
22,15,20.0,53.3625730994152,8
23,15,20.0,53.43567251461988,8
22,16,20.0,53.50877192982456,8
22,16,20.0,53.50877192982456,8
23,16,20.0,53.50877192982456,8
23,16,20.0,53.50877192982456,8
23,16,20.0,53.50877192982456,8
23,16,20.0,53.50877192982456,8
22,15,20.0,53.43567251461988,8
22,15,20.0,53.43567251461988,8
22,15,20.0,53.43567251461988,8
22,15,20.0,53.43567251461988,8
23,15,20.0,53.43567251461988,8
22,15,20.0,54.312865497076025,9
22,15,20.0,54.312865497076025,9
23,15,20.0,54.312865497076025,9
22,16,20.0,54.312865497076025,9
22,16,20.0,54.239766081871345,9
22,16,20.0,54.239766081871345,9
23,16,20.0,54.239766081871345,9
22,16,20.0,54.459064327485386,9
23,16,20.0,54.239766081871345,9
22,16,20.0,54.459064327485386,9
23,16,20.0,54.239766081871345,9
0,0,20.0,0.0,9
22,15,20.0,54.312865497076025,9
23,16,20.0,54.239766081871345,9
22,16,20.0,54.385964912280706,9
21,15,20.0,54.385964912280706,9
21,15,20.0,54.385964912280706,9
22,15,20.0,54.385964912280706,9
22,15,20.0,54.385964912280706,9
22,15,20.0,54.312865497076025,9
22,15,20.0,54.312865497076025,9
22,15,20.0,54.312865497076025,9
22,15,20.0,54.312865497076025,9
23,15,20.0,54.312865497076025,9
23,15,20.0,54.312865497076025,9
23,15,20.0,54.312865497076025,9
23,15,20.0,54.312865497076025,9
22,16,20.0,54.239766081871345,9
22,16,20.0,54.239766081871345,9
22,16,20.0,54.239766081871345,9
22,16,20.0,54.239766081871345,9
23,16,20.0,54.312865497076025,9
23,16,20.0,54.312865497076025,9
22,16,20.0,54.312865497076025,9
0,0,20.0,0.0,9
22,15,20.0,54.459064327485386,9
22,15,20.0,54.459064327485386,9
21,15,20.0,54.312865497076025,9
22,16,20.0,54.239766081871345,9
22,16,20.0,54.312865497076025,9
22,16,20.0,54.312865497076025,9
22,16,20.0,54.312865497076025,9
22,16,20.0,54.312865497076025,9
0,0,20.0,0.0,9
22,15,20.0,54.312865497076025,9
22,15,20.0,54.312865497076025,9
23,15,20.0,54.385964912280706,9
23,15,20.0,54.385964912280706,9
22,16,20.0,54.239766081871345,9
22,16,20.0,54.239766081871345,9
23,16,20.0,54.312865497076025,9
23,16,20.0,54.312865497076025,9
22,16,20.0,54.239766081871345,9
22,16,20.0,54.239766081871345,9
22,15,20.0,54.459064327485386,10
22,15,20.0,54.459064327485386,10
22,15,20.0,54.459064327485386,10
23,16,20.0,54.459064327485386,10
22,16,20.0,54.385964912280706,10
0,0,20.0,0.0,10
22,15,20.0,54.459064327485386,10
22,15,20.0,54.459064327485386,10
22,15,20.0,54.459064327485386,10
22,15,20.0,54.459064327485386,10
23,15,20.0,54.459064327485386,10
23,15,20.0,54.459064327485386,10
23,15,20.0,54.459064327485386,10
23,15,20.0,54.459064327485386,10
23,16,20.0,54.459064327485386,10
23,16,20.0,54.459064327485386,10
22,16,20.0,54.459064327485386,10
22,16,20.0,54.459064327485386,10
22,16,20.0,54.385964912280706,10
22,16,20.0,54.385964912280706,10
0,0,20.0,0.0,10
0,0,20.0,0.0,10
23,16,20.0,54.459064327485386,10
23,16,20.0,54.459064327485386,10
23,16,20.0,54.459064327485386,10
21,16,20.0,54.459064327485386,10
0,0,20.0,0.0,10
21,15,20.0,54.459064327485386,10
22,16,20.0,54.385964912280706,10
21,15,20.0,54.459064327485386,10
22,16,20.0,54.385964912280706,10
21,15,20.0,54.459064327485386,10
21,15,20.0,54.459064327485386,10
22,16,20.0,54.385964912280706,10
22,15,20.0,54.459064327485386,10
0,0,20.0,0.0,10
22,15,20.0,54.385964912280706,10
23,15,20.0,54.459064327485386,10
23,15,20.0,54.459064327485386,10
23,16,20.0,54.459064327485386,10
22,16,20.0,53.94736842105263,11
22,16,20.0,53.94736842105263,11
0,0,20.0,0.0,11
23,16,20.0,54.09356725146199,11
23,16,20.0,54.09356725146199,11
24,16,20.0,54.09356725146199,11
22,16,20.0,54.09356725146199,11
23,16,20.0,54.09356725146199,11
0,0,20.0,0.0,11
23,16,20.0,54.02046783625731,11
23,16,20.0,54.02046783625731,11
23,16,20.0,54.02046783625731,11
24,16,20.0,54.02046783625731,11
22,16,20.0,54.02046783625731,11
0,0,20.0,0.0,11
0,0,20.0,0.0,11
22,16,20.0,53.94736842105263,11
22,16,20.0,54.09356725146199,11
23,16,20.0,53.94736842105263,11
23,16,20.0,54.09356725146199,11
23,16,20.0,53.94736842105263,11
21,16,20.0,54.02046783625731,11
22,16,20.0,54.02046783625731,11
22,16,20.0,54.02046783625731,11
22,16,20.0,54.02046783625731,11
22,16,20.0,54.02046783625731,11
23,16,20.0,54.02046783625731,11
23,16,20.0,54.09356725146199,11
23,16,20.0,54.09356725146199,11
22,15,20.0,53.87426900584795,11
22,15,20.0,53.87426900584795,11
22,15,20.0,53.87426900584795,11
23,15,20.0,53.94736842105263,11
0,0,20.0,0.0,11
0,0,20.0,0.0,11
23,16,20.0,54.09356725146199,11
23,16,20.0,54.09356725146199,11
23,16,20.0,54.09356725146199,11
21,16,20.0,53.94736842105263,11
21,16,20.0,54.02046783625731,11
22,16,20.0,54.02046783625731,11
23,16,20.0,54.02046783625731,11
23,16,20.0,54.02046783625731,11
24,16,20.0,54.02046783625731,11
23,16,20.0,54.166666666666664,11
23,16,20.0,54.09356725146199,11
23,16,20.0,54.09356725146199,11
24,16,20.0,54.09356725146199,11
0,0,20.0,0.0,12
49,43,20.0,53.289473684210535,12
49,43,20.0,53.289473684210535,12
49,43,20.0,53.289473684210535,12
49,43,20.0,53.289473684210535,12
50,43,20.0,53.289473684210535,12
50,43,20.0,53.289473684210535,12
50,43,20.0,53.289473684210535,12
50,43,20.0,53.289473684210535,12
49,43,20.0,53.07017543859649,12
49,43,20.0,53.07017543859649,12
49,43,20.0,53.289473684210535,12
50,43,20.0,53.143274853801174,12
50,43,20.0,53.143274853801174,12
50,43,20.0,53.143274853801174,12
50,43,20.0,53.143274853801174,12
0,0,20.0,0.0,12
50,43,20.0,53.216374269005854,12
51,43,20.0,53.216374269005854,12
51,43,20.0,53.216374269005854,12
51,43,20.0,53.216374269005854,12
0,0,20.0,0.0,12
49,43,20.0,53.216374269005854,12
49,43,20.0,53.216374269005854,12
49,43,20.0,53.216374269005854,12
50,43,20.0,53.216374269005854,12
50,43,20.0,53.216374269005854,12
50,43,20.0,53.216374269005854,12
50,43,20.0,53.289473684210535,12
51,43,20.0,53.289473684210535,12
49,43,20.0,53.07017543859649,12
49,43,20.0,53.143274853801174,12
49,43,20.0,53.143274853801174,12
51,43,20.0,53.143274853801174,12
51,43,20.0,53.143274853801174,12
50,43,20.0,53.289473684210535,12
50,43,20.0,53.289473684210535,12
50,43,20.0,53.289473684210535,12
50,43,20.0,53.216374269005854,12
50,43,20.0,53.216374269005854,12
50,43,20.0,53.216374269005854,12
50,43,20.0,53.289473684210535,12
51,43,20.0,53.289473684210535,12
50,43,20.0,53.216374269005854,12
50,43,20.0,53.216374269005854,12
49,43,20.0,53.3625730994152,12
0,0,20.0,0.0,12
50,43,20.0,53.3625730994152,12
50,43,20.0,53.289473684210535,12
50,43,20.0,53.289473684210535,12
50,43,20.0,53.3625730994152,12
50,43,20.0,53.3625730994152,12
50,43,20.0,53.3625730994152,12
50,43,20.0,53.216374269005854,12
51,43,20.0,53.216374269005854,12
50,43,20.0,53.143274853801174,12
50,43,20.0,53.143274853801174,12
50,43,20.0,53.143274853801174,12
51,43,20.0,53.143274853801174,12
51,43,20.0,53.143274853801174,12
51,43,20.0,53.143274853801174,12
0,0,20.0,0.0,12
49,43,20.0,53.216374269005854,12
22,16,20.0,53.65497076023392,13
23,16,20.0,53.65497076023392,13
23,16,20.0,53.65497076023392,13
23,16,20.0,53.58187134502924,13
24,16,20.0,53.58187134502924,13
22,16,20.0,53.50877192982456,13
22,16,20.0,53.50877192982456,13
22,16,20.0,53.50877192982456,13
23,16,20.0,53.50877192982456,13
23,16,20.0,53.50877192982456,13
24,16,20.0,53.50877192982456,13
23,16,20.0,53.50877192982456,13
23,16,20.0,53.50877192982456,13
23,16,20.0,53.50877192982456,13
23,16,20.0,53.50877192982456,13
23,16,20.0,53.50877192982456,13
23,16,20.0,53.58187134502924,13
23,16,20.0,53.58187134502924,13
24,16,20.0,53.58187134502924,13
22,16,20.0,53.50877192982456,13
22,16,20.0,53.50877192982456,13
22,16,20.0,53.50877192982456,13
22,16,20.0,53.50877192982456,13
21,16,20.0,53.43567251461988,13
22,16,20.0,53.43567251461988,13
23,16,20.0,53.58187134502924,13
22,16,20.0,53.43567251461988,13
23,16,20.0,53.58187134502924,13
22,16,20.0,53.43567251461988,13
22,16,20.0,53.43567251461988,13
23,16,20.0,53.43567251461988,13
23,16,20.0,53.50877192982456,13
23,16,20.0,53.50877192982456,13
21,16,20.0,53.50877192982456,13
23,16,20.0,53.58187134502924,13
24,16,20.0,53.58187134502924,13
23,16,20.0,53.50877192982456,13
23,16,20.0,53.50877192982456,13
23,16,20.0,53.50877192982456,13
24,16,20.0,53.50877192982456,13
22,16,20.0,53.50877192982456,13
22,16,20.0,53.50877192982456,13
23,16,20.0,53.50877192982456,13
23,16,20.0,53.58187134502924,13
23,16,20.0,53.58187134502924,13
0,0,20.0,0.0,13
22,16,20.0,53.3625730994152,13
22,16,20.0,53.3625730994152,13
22,16,20.0,53.3625730994152,13
22,16,20.0,53.3625730994152,13
23,16,20.0,53.3625730994152,13
23,16,20.0,53.3625730994152,13
24,16,20.0,54.385964912280706,14
24,16,20.0,54.385964912280706,14
24,16,20.0,54.385964912280706,14
22,16,20.0,54.312865497076025,14
0,0,20.0,0.0,14
23,16,20.0,54.459064327485386,14
23,16,20.0,54.459064327485386,14
23,16,20.0,54.385964912280706,14
0,0,20.0,0.0,14
23,16,20.0,54.385964912280706,14
23,16,20.0,53.87426900584795,14
23,16,20.0,53.94736842105263,14
23,16,20.0,53.80116959064327,14
23,16,20.0,53.80116959064327,14
23,16,20.0,53.80116959064327,14
23,16,20.0,53.80116959064327,14
0,0,20.0,0.0,14
23,16,20.0,54.239766081871345,14
23,16,20.0,54.239766081871345,14
23,16,20.0,54.239766081871345,14
24,16,20.0,54.239766081871345,14
24,16,20.0,54.239766081871345,14
24,16,20.0,54.239766081871345,14
24,16,20.0,54.459064327485386,14
24,16,20.0,54.459064327485386,14
24,16,20.0,54.459064327485386,14
23,16,20.0,54.385964912280706,14
0,0,20.0,0.0,14
23,16,20.0,54.09356725146199,14
24,16,20.0,54.166666666666664,14
23,16,20.0,54.239766081871345,14
24,16,20.0,54.166666666666664,14
23,16,20.0,54.239766081871345,14
23,16,20.0,54.239766081871345,14
23,16,20.0,54.385964912280706,14
23,16,20.0,54.385964912280706,14
23,16,20.0,54.385964912280706,14
23,16,20.0,54.385964912280706,14
0,0,20.0,0.0,14
22,16,20.0,54.385964912280706,14
22,16,20.0,54.385964912280706,14
22,16,20.0,54.385964912280706,14
23,16,20.0,54.53216374269005,14
22,16,20.0,54.02046783625731,14
22,16,25.0,56.57894736842105,4
22,16,25.0,56.57894736842105,4
22,16,25.0,56.57894736842105,4
23,16,25.0,56.57894736842105,4
23,16,25.0,56.57894736842105,4
23,16,25.0,56.57894736842105,4
24,16,25.0,56.65204678362573,4
0,0,25.0,0.0,4
22,16,25.0,56.4327485380117,4
22,16,25.0,56.4327485380117,4
23,16,25.0,56.4327485380117,4
22,16,25.0,56.57894736842105,4
23,16,25.0,56.4327485380117,4
22,16,25.0,56.57894736842105,4
23,16,25.0,56.4327485380117,4
23,16,25.0,56.4327485380117,4
23,16,25.0,56.4327485380117,4
23,16,25.0,56.4327485380117,4
24,16,25.0,56.4327485380117,4
24,16,25.0,56.4327485380117,4
24,16,25.0,56.4327485380117,4
23,16,25.0,56.4327485380117,4
23,16,25.0,56.4327485380117,4
23,16,25.0,56.4327485380117,4
23,16,25.0,56.50584795321637,4
22,16,25.0,56.4327485380117,4
22,16,25.0,56.4327485380117,4
23,16,25.0,56.4327485380117,4
23,16,25.0,56.4327485380117,4
23,16,25.0,56.4327485380117,4
0,0,25.0,0.0,4
23,16,25.0,56.50584795321637,4
23,16,25.0,56.50584795321637,4
23,16,25.0,56.50584795321637,4
24,16,25.0,56.50584795321637,4
24,16,25.0,56.50584795321637,4
24,16,25.0,56.50584795321637,4
22,16,25.0,56.50584795321637,4
23,16,25.0,56.50584795321637,4
23,16,25.0,56.50584795321637,4
23,16,25.0,56.50584795321637,4
23,16,25.0,56.57894736842105,4
23,16,25.0,56.57894736842105,4
24,16,25.0,56.57894736842105,4
24,16,25.0,56.57894736842105,4
22,16,25.0,56.50584795321637,4
0,0,25.0,0.0,4
23,16,25.0,56.50584795321637,4
23,16,25.0,56.4327485380117,4
23,16,25.0,56.4327485380117,4
24,16,25.0,56.4327485380117,4
24,16,25.0,56.4327485380117,4
22,16,25.0,56.57894736842105,4
22,16,25.0,56.57894736842105,4
22,15,25.0,56.79824561403509,5
22,15,25.0,56.79824561403509,5
22,16,25.0,56.79824561403509,5
0,0,25.0,0.0,5
22,15,25.0,56.79824561403509,5
22,15,25.0,56.79824561403509,5
22,15,25.0,56.79824561403509,5
23,15,25.0,56.79824561403509,5
23,15,25.0,56.79824561403509,5
23,15,25.0,56.79824561403509,5
23,15,25.0,56.79824561403509,5
22,15,25.0,56.65204678362573,5
22,15,25.0,56.65204678362573,5
23,15,25.0,56.65204678362573,5
23,15,25.0,56.65204678362573,5
23,15,25.0,56.65204678362573,5
23,15,25.0,56.65204678362573,5
22,15,25.0,56.79824561403509,5
22,15,25.0,56.79824561403509,5
22,16,25.0,56.79824561403509,5
23,15,25.0,56.79824561403509,5
22,16,25.0,56.79824561403509,5
23,15,25.0,56.79824561403509,5
22,16,25.0,56.79824561403509,5
23,15,25.0,56.79824561403509,5
23,15,25.0,56.79824561403509,5
22,16,25.0,56.87134502923976,5
22,16,25.0,56.87134502923976,5
23,16,25.0,56.87134502923976,5
22,15,25.0,56.87134502923976,5
22,15,25.0,56.87134502923976,5
23,15,25.0,56.87134502923976,5
22,16,25.0,56.87134502923976,5
23,15,25.0,56.87134502923976,5
23,15,25.0,56.87134502923976,5
23,16,25.0,56.87134502923976,5
23,16,25.0,56.87134502923976,5
23,15,25.0,56.87134502923976,5
23,16,25.0,56.87134502923976,5
23,16,25.0,56.87134502923976,5
22,15,25.0,56.72514619883041,5
22,15,25.0,56.72514619883041,5
23,15,25.0,56.72514619883041,5
22,15,25.0,56.79824561403509,5
22,15,25.0,56.79824561403509,5
22,15,25.0,56.79824561403509,5
22,15,25.0,56.79824561403509,5
23,15,25.0,56.79824561403509,5
22,16,25.0,56.79824561403509,5
22,16,25.0,56.79824561403509,5
23,16,25.0,56.79824561403509,5
23,16,25.0,56.79824561403509,5
0,0,25.0,0.0,5
21,15,25.0,56.72514619883041,5
22,15,25.0,56.72514619883041,5
22,15,25.0,56.72514619883041,5
22,15,25.0,56.72514619883041,5
22,15,25.0,56.72514619883041,5
23,15,25.0,56.79824561403509,5
23,15,25.0,56.79824561403509,5
22,16,25.0,56.72514619883041,5
23,16,25.0,56.72514619883041,5
21,16,25.0,56.87134502923976,5
22,16,25.0,56.87134502923976,5
22,16,25.0,56.87134502923976,5
22,15,25.0,56.72514619883041,5
22,15,25.0,56.87134502923976,5
22,15,25.0,56.87134502923976,5
23,15,25.0,56.87134502923976,5
23,15,25.0,56.87134502923976,5
23,15,25.0,56.87134502923976,5
23,15,25.0,56.87134502923976,5
22,15,25.0,56.87134502923976,5
22,15,25.0,56.87134502923976,5
0,0,25.0,0.0,5
22,15,25.0,56.87134502923976,5
23,15,25.0,56.87134502923976,5
22,16,25.0,55.70175438596491,6
0,0,25.0,0.0,6
22,16,25.0,55.55555555555556,6
23,16,25.0,55.55555555555556,6
23,16,25.0,55.55555555555556,6
23,16,25.0,55.55555555555556,6
0,0,25.0,0.0,6
22,16,25.0,55.55555555555556,6
23,16,25.0,55.55555555555556,6
23,16,25.0,55.55555555555556,6
23,16,25.0,55.62865497076024,6
23,16,25.0,55.62865497076024,6
23,16,25.0,55.55555555555556,6
23,16,25.0,55.55555555555556,6
23,16,25.0,55.62865497076024,6
24,16,25.0,55.62865497076024,6
24,16,25.0,55.62865497076024,6
23,16,25.0,55.62865497076024,6
23,16,25.0,55.62865497076024,6
24,16,25.0,55.62865497076024,6
24,16,25.0,55.62865497076024,6
22,16,25.0,55.62865497076024,6
23,16,25.0,55.62865497076024,6
23,16,25.0,55.62865497076024,6
23,16,25.0,55.55555555555556,6
22,16,25.0,55.62865497076024,6
23,16,25.0,55.70175438596491,6
23,16,25.0,55.62865497076024,6
24,16,25.0,55.62865497076024,6
22,16,25.0,55.62865497076024,6
22,16,25.0,55.62865497076024,6
22,16,25.0,55.62865497076024,6
23,16,25.0,55.62865497076024,6
0,0,25.0,0.0,6
23,16,25.0,55.62865497076024,6
22,16,25.0,55.55555555555556,6
23,16,25.0,55.62865497076024,6
23,16,25.0,55.55555555555556,6
23,16,25.0,55.55555555555556,6
23,16,25.0,55.55555555555556,6
22,16,25.0,55.55555555555556,6
23,16,25.0,55.55555555555556,6
23,16,25.0,55.55555555555556,6
24,16,25.0,55.55555555555556,6
24,16,25.0,55.55555555555556,6
0,0,25.0,0.0,6
22,16,25.0,55.62865497076024,6
23,16,25.0,55.62865497076024,6
23,16,25.0,55.62865497076024,6
23,16,25.0,55.62865497076024,6
23,16,25.0,55.62865497076024,6
24,16,25.0,55.62865497076024,6
24,16,25.0,55.62865497076024,6
23,16,25.0,55.62865497076024,6
23,16,25.0,55.62865497076024,6
23,16,25.0,55.62865497076024,6
23,16,25.0,55.62865497076024,6
23,16,25.0,54.89766081871345,7
0,0,25.0,0.0,7
22,16,25.0,54.97076023391813,7
23,16,25.0,54.97076023391813,7
23,16,25.0,54.97076023391813,7
22,16,25.0,54.824561403508774,7
22,16,25.0,54.824561403508774,7
22,16,25.0,54.89766081871345,7
23,16,25.0,54.89766081871345,7
23,16,25.0,54.89766081871345,7
21,16,25.0,54.89766081871345,7
22,16,25.0,54.89766081871345,7
22,16,25.0,54.89766081871345,7
22,16,25.0,54.89766081871345,7
22,16,25.0,54.89766081871345,7
23,16,25.0,54.89766081871345,7
23,16,25.0,54.89766081871345,7
23,16,25.0,54.89766081871345,7
23,16,25.0,54.89766081871345,7
24,16,25.0,54.89766081871345,7
22,16,25.0,54.97076023391813,7
23,15,25.0,54.89766081871345,7
23,16,25.0,54.97076023391813,7
23,16,25.0,54.97076023391813,7
23,16,25.0,54.97076023391813,7
23,16,25.0,54.97076023391813,7
24,16,25.0,54.97076023391813,7
22,16,25.0,54.97076023391813,7
22,16,25.0,54.97076023391813,7
0,0,25.0,0.0,7
22,16,25.0,54.97076023391813,7
22,16,25.0,54.89766081871345,7
23,16,25.0,54.97076023391813,7
23,16,25.0,54.89766081871345,7
23,16,25.0,54.97076023391813,7
23,16,25.0,54.89766081871345,7
23,16,25.0,54.89766081871345,7
23,16,25.0,54.89766081871345,7
24,16,25.0,54.89766081871345,7
22,16,25.0,54.89766081871345,7
22,16,25.0,54.97076023391813,7
23,16,25.0,54.89766081871345,7
23,16,25.0,54.97076023391813,7
23,16,25.0,54.97076023391813,7
23,16,25.0,54.89766081871345,7
23,16,25.0,54.89766081871345,7
23,16,25.0,54.89766081871345,7
24,16,25.0,54.89766081871345,7
0,0,25.0,0.0,7
22,15,25.0,54.824561403508774,7
23,16,25.0,54.89766081871345,7
0,0,25.0,0.0,7
23,16,25.0,54.97076023391813,7
23,16,25.0,54.97076023391813,7
23,16,25.0,54.97076023391813,7
24,16,25.0,54.97076023391813,7
22,16,25.0,55.77485380116959,8
23,16,25.0,55.77485380116959,8
0,0,25.0,0.0,8
23,16,25.0,55.77485380116959,8
23,16,25.0,55.77485380116959,8
23,16,25.0,55.77485380116959,8
24,16,25.0,55.77485380116959,8
24,16,25.0,55.77485380116959,8
24,16,25.0,55.77485380116959,8
24,16,25.0,55.77485380116959,8
23,16,25.0,55.62865497076024,8
22,16,25.0,55.77485380116959,8
23,16,25.0,55.62865497076024,8
23,16,25.0,55.62865497076024,8
24,16,25.0,55.62865497076024,8
0,0,25.0,0.0,8
24,16,25.0,55.62865497076024,8
24,16,25.0,55.62865497076024,8
24,16,25.0,55.62865497076024,8
23,16,25.0,55.84795321637427,8
24,16,25.0,55.84795321637427,8
24,16,25.0,55.84795321637427,8
22,16,25.0,55.77485380116959,8
23,16,25.0,55.77485380116959,8
23,16,25.0,55.77485380116959,8
23,16,25.0,55.77485380116959,8
23,16,25.0,55.77485380116959,8
24,16,25.0,55.77485380116959,8
24,16,25.0,55.77485380116959,8
24,16,25.0,55.77485380116959,8
24,16,25.0,55.77485380116959,8
23,16,25.0,55.84795321637427,8
23,16,25.0,55.84795321637427,8
23,16,25.0,55.84795321637427,8
24,16,25.0,55.84795321637427,8
24,16,25.0,55.84795321637427,8
24,16,25.0,55.84795321637427,8
24,16,25.0,55.84795321637427,8
0,0,25.0,0.0,8
23,16,25.0,55.55555555555556,8
23,16,25.0,55.62865497076024,8
24,16,25.0,55.62865497076024,8
23,16,25.0,55.70175438596491,8
24,16,25.0,55.70175438596491,8
24,16,25.0,55.70175438596491,8
24,16,25.0,55.70175438596491,8
24,16,25.0,55.70175438596491,8
0,0,25.0,0.0,8
23,16,25.0,55.55555555555556,8
23,16,25.0,55.55555555555556,8
23,16,25.0,55.70175438596491,8
23,16,25.0,55.55555555555556,8
23,16,25.0,55.70175438596491,8
22,16,25.0,55.77485380116959,8
23,16,25.0,55.77485380116959,8
23,16,25.0,55.77485380116959,8
22,16,25.0,55.70175438596491,8
22,16,25.0,55.70175438596491,8
23,16,25.0,55.77485380116959,8
24,16,25.0,55.77485380116959,8
23,16,25.0,55.70175438596491,8
23,16,25.0,55.70175438596491,8
23,16,25.0,55.70175438596491,8
21,15,25.0,55.84795321637427,9
22,15,25.0,55.84795321637427,9
22,15,25.0,55.84795321637427,9
22,15,25.0,55.84795321637427,9
22,15,25.0,55.84795321637427,9
23,15,25.0,55.84795321637427,9
23,15,25.0,55.84795321637427,9
23,15,25.0,55.84795321637427,9
23,15,25.0,55.84795321637427,9
0,0,25.0,0.0,9
21,16,25.0,55.77485380116959,9
22,16,25.0,55.77485380116959,9
22,16,25.0,55.77485380116959,9
22,16,25.0,55.77485380116959,9
22,16,25.0,55.77485380116959,9
23,15,25.0,55.84795321637427,9
0,0,25.0,0.0,9
22,15,25.0,55.92105263157895,9
22,15,25.0,55.92105263157895,9
0,0,25.0,0.0,9
22,16,25.0,55.84795321637427,9
22,15,25.0,55.77485380116959,9
22,16,25.0,55.84795321637427,9
22,15,25.0,55.77485380116959,9
23,16,25.0,55.84795321637427,9
22,15,25.0,55.77485380116959,9
23,15,25.0,55.77485380116959,9
22,16,25.0,55.84795321637427,9
23,16,25.0,55.84795321637427,9
23,16,25.0,55.84795321637427,9
23,16,25.0,55.84795321637427,9
22,16,25.0,55.84795321637427,9
23,16,25.0,55.84795321637427,9
22,16,25.0,55.84795321637427,9
22,16,25.0,55.84795321637427,9
21,16,25.0,55.84795321637427,9
22,16,25.0,55.84795321637427,9
22,16,25.0,55.84795321637427,9
22,16,25.0,55.84795321637427,9
22,16,25.0,55.84795321637427,9
23,16,25.0,55.84795321637427,9
23,16,25.0,55.84795321637427,9
23,16,25.0,55.84795321637427,9
23,16,25.0,55.84795321637427,9
23,15,25.0,55.84795321637427,9
22,15,25.0,55.77485380116959,9
22,15,25.0,55.77485380116959,9
23,15,25.0,55.77485380116959,9
22,15,25.0,55.84795321637427,9
0,0,25.0,0.0,9
22,15,25.0,55.84795321637427,9
23,15,25.0,55.84795321637427,9
21,15,25.0,55.70175438596491,9
23,16,25.0,55.70175438596491,9
22,15,25.0,55.70175438596491,9
23,16,25.0,55.70175438596491,9
23,15,25.0,55.84795321637427,9
23,15,25.0,55.84795321637427,9
23,16,25.0,55.70175438596491,9
22,15,25.0,55.70175438596491,9
22,16,25.0,55.77485380116959,9
22,15,25.0,55.70175438596491,9
23,16,25.0,55.70175438596491,9
23,16,25.0,55.84795321637427,9
23,15,25.0,55.84795321637427,9
23,16,25.0,55.84795321637427,9
22,15,25.0,55.70175438596491,9
21,15,25.0,55.77485380116959,9
21,15,25.0,55.77485380116959,9
21,15,25.0,55.77485380116959,9
21,15,25.0,55.77485380116959,9
23,15,25.0,55.92105263157895,9
23,16,25.0,55.55555555555556,10
21,16,25.0,55.55555555555556,10
23,16,25.0,55.48245614035088,10
23,16,25.0,55.48245614035088,10
0,0,25.0,0.0,10
22,16,25.0,55.48245614035088,10
23,16,25.0,55.48245614035088,10
22,15,25.0,55.62865497076024,10
22,15,25.0,55.62865497076024,10
23,15,25.0,55.62865497076024,10
23,16,25.0,55.55555555555556,10
23,16,25.0,55.55555555555556,10
23,16,25.0,55.55555555555556,10
23,16,25.0,55.55555555555556,10
23,16,25.0,55.55555555555556,10
22,16,25.0,55.55555555555556,10
22,16,25.0,55.55555555555556,10
22,16,25.0,55.62865497076024,10
22,16,25.0,55.62865497076024,10
23,16,25.0,55.55555555555556,10
23,16,25.0,55.55555555555556,10
23,15,25.0,55.48245614035088,10
23,15,25.0,55.48245614035088,10
23,15,25.0,55.48245614035088,10
23,15,25.0,55.48245614035088,10
22,15,25.0,55.409356725146196,10
22,15,25.0,55.409356725146196,10
22,15,25.0,55.409356725146196,10
22,15,25.0,55.48245614035088,10
22,16,25.0,55.48245614035088,10
0,0,25.0,0.0,11
22,16,25.0,55.55555555555556,11
22,16,25.0,55.55555555555556,11
0,0,25.0,0.0,11
0,0,25.0,0.0,11
23,16,25.0,55.48245614035088,11
23,16,25.0,55.48245614035088,11
23,16,25.0,55.48245614035088,11
23,16,25.0,55.48245614035088,11
24,16,25.0,55.48245614035088,11
24,16,25.0,55.48245614035088,11
24,16,25.0,55.48245614035088,11
23,16,25.0,55.48245614035088,11
22,16,25.0,55.55555555555556,11
22,16,25.0,55.55555555555556,11
23,16,25.0,55.48245614035088,11
23,16,25.0,55.48245614035088,11
0,0,25.0,0.0,11
23,16,25.0,55.55555555555556,11
23,16,25.0,55.55555555555556,11
0,0,25.0,0.0,11
22,16,25.0,55.409356725146196,11
22,16,25.0,55.409356725146196,11
22,16,25.0,55.409356725146196,11
0,0,25.0,0.0,11
21,16,25.0,55.48245614035088,11
21,16,25.0,55.48245614035088,11
0,0,25.0,0.0,11
23,16,25.0,55.409356725146196,11
23,16,25.0,55.409356725146196,11
23,16,25.0,55.409356725146196,11
22,16,25.0,55.409356725146196,11
23,16,25.0,55.409356725146196,11
23,16,25.0,55.48245614035088,11
23,16,25.0,55.409356725146196,11
23,16,25.0,55.409356725146196,11
24,16,25.0,55.48245614035088,11
0,0,25.0,0.0,11
23,16,25.0,55.48245614035088,11
23,16,25.0,55.48245614035088,11
23,16,25.0,55.48245614035088,11
24,16,25.0,55.48245614035088,11
22,16,25.0,55.62865497076024,11
22,16,25.0,55.62865497076024,11
23,16,25.0,55.62865497076024,11
23,16,25.0,55.55555555555556,11
23,16,25.0,55.55555555555556,11
0,0,25.0,0.0,12
23,16,25.0,54.97076023391813,12
23,16,25.0,54.97076023391813,12
0,0,25.0,0.0,12
22,16,25.0,55.19005847953217,12
22,16,25.0,55.19005847953217,12
22,16,25.0,55.19005847953217,12
22,16,25.0,55.04385964912281,12
23,16,25.0,55.04385964912281,12
23,16,25.0,55.04385964912281,12
0,0,25.0,0.0,12
22,16,25.0,55.04385964912281,12
22,16,25.0,55.04385964912281,12
23,16,25.0,55.04385964912281,12
23,16,25.0,54.97076023391813,12
23,16,25.0,54.89766081871345,12
23,16,25.0,54.89766081871345,12
23,16,25.0,54.89766081871345,12
23,16,25.0,55.11695906432749,12
23,16,25.0,55.11695906432749,12
24,16,25.0,55.11695906432749,12
24,16,25.0,55.11695906432749,12
24,16,25.0,55.11695906432749,12
24,16,25.0,55.11695906432749,12
24,16,25.0,55.11695906432749,12
23,16,25.0,55.11695906432749,12
23,16,25.0,55.11695906432749,12
23,16,25.0,55.11695906432749,12
23,16,25.0,55.11695906432749,12
24,16,25.0,55.11695906432749,12
24,16,25.0,55.11695906432749,12
24,16,25.0,55.11695906432749,12
23,16,25.0,55.04385964912281,12
23,16,25.0,55.04385964912281,12
23,16,25.0,55.04385964912281,12
24,17,25.0,55.19005847953217,12
24,17,25.0,55.19005847953217,12
24,16,25.0,54.97076023391813,12
23,16,25.0,54.89766081871345,12
0,0,25.0,0.0,12
22,16,25.0,55.19005847953217,12
23,16,25.0,55.19005847953217,12
23,16,25.0,55.19005847953217,12
23,16,25.0,54.97076023391813,12
23,16,25.0,55.04385964912281,12
22,16,25.0,55.04385964912281,12
22,16,25.0,55.04385964912281,12
24,16,25.0,55.04385964912281,12
24,16,25.0,55.04385964912281,12
24,16,25.0,55.04385964912281,12
23,16,25.0,55.19005847953217,12
23,16,25.0,55.409356725146196,13
23,16,25.0,55.409356725146196,13
22,16,25.0,55.409356725146196,13
23,16,25.0,55.409356725146196,13
23,16,25.0,55.409356725146196,13
22,16,25.0,55.48245614035088,13
22,16,25.0,55.48245614035088,13
23,16,25.0,55.409356725146196,13
22,16,25.0,55.48245614035088,13
22,16,25.0,55.48245614035088,13
22,16,25.0,55.48245614035088,13
23,16,25.0,55.48245614035088,13
23,16,25.0,55.48245614035088,13
23,16,25.0,55.48245614035088,13
22,16,25.0,55.409356725146196,13
22,16,25.0,55.409356725146196,13
23,16,25.0,55.409356725146196,13
23,16,25.0,55.409356725146196,13
22,16,25.0,55.336257309941516,13
23,16,25.0,55.336257309941516,13
23,16,25.0,55.336257309941516,13
23,16,25.0,55.62865497076024,13
23,16,25.0,55.62865497076024,13
24,16,25.0,55.62865497076024,13
22,16,25.0,55.409356725146196,13
22,16,25.0,55.409356725146196,13
22,16,25.0,55.336257309941516,13
22,16,25.0,55.336257309941516,13
22,16,25.0,55.336257309941516,13
22,16,25.0,55.336257309941516,13
23,16,25.0,55.336257309941516,13
23,16,25.0,55.336257309941516,13
22,16,25.0,55.48245614035088,13
23,16,25.0,55.336257309941516,13
22,16,25.0,55.48245614035088,13
23,16,25.0,55.48245614035088,13
23,16,25.0,55.336257309941516,13
23,16,25.0,55.48245614035088,13
24,16,25.0,55.336257309941516,13
23,16,25.0,55.409356725146196,13
23,16,25.0,55.409356725146196,13
23,16,25.0,55.409356725146196,13
23,16,25.0,55.409356725146196,13
24,16,25.0,55.409356725146196,13
22,16,25.0,55.409356725146196,13
0,0,25.0,0.0,13
22,16,25.0,55.409356725146196,13
22,16,25.0,55.336257309941516,13
0,0,25.0,0.0,14
23,16,25.0,55.48245614035088,14
23,16,25.0,55.409356725146196,14
23,16,25.0,55.409356725146196,14
23,16,25.0,55.48245614035088,14
24,16,25.0,55.48245614035088,14
24,16,25.0,55.48245614035088,14
24,16,25.0,55.48245614035088,14
0,0,25.0,0.0,14
23,16,25.0,55.55555555555556,14
24,16,25.0,55.55555555555556,14
24,16,25.0,55.55555555555556,14
24,16,25.0,55.62865497076024,14
24,16,25.0,55.62865497076024,14
0,0,25.0,0.0,14
22,16,25.0,55.409356725146196,14
23,16,25.0,55.336257309941516,14
23,16,25.0,55.336257309941516,14
23,16,25.0,55.336257309941516,14
24,16,25.0,55.336257309941516,14
24,16,25.0,55.336257309941516,14
24,16,25.0,55.336257309941516,14
23,16,25.0,55.409356725146196,14
24,16,25.0,55.409356725146196,14
24,16,25.0,55.409356725146196,14
24,16,25.0,55.409356725146196,14
24,16,25.0,55.55555555555556,14
24,16,25.0,55.55555555555556,14
24,16,25.0,55.55555555555556,14
24,17,25.0,55.409356725146196,14
0,0,25.0,0.0,14
22,16,25.0,55.55555555555556,14
23,16,25.0,55.55555555555556,14
23,16,25.0,55.48245614035088,14
23,16,25.0,55.48245614035088,14
23,16,25.0,55.48245614035088,14
23,16,25.0,55.48245614035088,14
23,16,25.0,55.48245614035088,14
22,16,25.0,55.55555555555556,14
23,16,25.0,55.48245614035088,14
23,16,25.0,55.48245614035088,14
23,16,25.0,55.48245614035088,14
23,16,25.0,55.48245614035088,14
24,16,25.0,55.48245614035088,14
23,16,25.0,55.409356725146196,14
24,16,25.0,55.48245614035088,14
24,16,25.0,55.48245614035088,14
24,16,25.0,55.48245614035088,14
22,16,25.0,55.409356725146196,14
23,16,25.0,55.409356725146196,14
23,16,25.0,55.409356725146196,14
23,16,25.0,55.409356725146196,14
