nb_cycle_aller,moy_cycle_aller,dist_veto,propor_utilisa_aller,jour_marche
31,20,15.0,53.72807017543859,4
31,20,15.0,53.72807017543859,4
31,20,15.0,53.72807017543859,4
31,20,15.0,53.72807017543859,4
31,20,15.0,53.72807017543859,4
31,20,15.0,53.72807017543859,4
31,20,15.0,53.72807017543859,4
31,20,15.0,53.72807017543859,4
31,20,15.0,53.72807017543859,4
31,20,15.0,53.72807017543859,4
31,20,15.0,53.72807017543859,4
31,20,15.0,53.72807017543859,4
31,20,15.0,53.72807017543859,4
31,20,15.0,53.72807017543859,4
31,20,15.0,53.72807017543859,4
31,20,15.0,53.72807017543859,4
31,20,15.0,53.72807017543859,4
31,20,15.0,53.72807017543859,4
31,20,15.0,53.72807017543859,4
31,20,15.0,53.72807017543859,4
31,20,15.0,53.72807017543859,4
31,20,15.0,53.72807017543859,4
31,20,15.0,53.72807017543859,4
31,20,15.0,53.72807017543859,4
31,20,15.0,53.72807017543859,4
31,20,15.0,53.72807017543859,4
31,20,15.0,53.72807017543859,4
31,20,15.0,53.72807017543859,4
31,20,15.0,53.72807017543859,4
31,20,15.0,53.72807017543859,4
31,20,15.0,53.72807017543859,4
31,20,15.0,53.72807017543859,4
31,20,15.0,53.72807017543859,4
31,20,15.0,53.72807017543859,4
31,20,15.0,53.72807017543859,4
31,20,15.0,53.72807017543859,4
31,20,15.0,53.72807017543859,4
31,20,15.0,53.72807017543859,4
31,20,15.0,53.72807017543859,4
31,20,15.0,53.72807017543859,4
31,20,15.0,53.72807017543859,4
31,20,15.0,53.72807017543859,4
31,20,15.0,53.72807017543859,4
31,20,15.0,53.72807017543859,4
31,20,15.0,53.72807017543859,4
31,20,15.0,53.72807017543859,4
31,20,15.0,53.72807017543859,4
31,20,15.0,53.72807017543859,4
31,20,15.0,53.72807017543859,4
31,20,15.0,53.72807017543859,4
31,20,15.0,53.72807017543859,4
31,20,15.0,53.72807017543859,4
31,20,15.0,53.72807017543859,4
31,20,15.0,53.72807017543859,4
31,20,15.0,53.72807017543859,4
31,20,15.0,53.72807017543859,4
30,20,15.0,53.216374269005854,5
30,20,15.0,53.216374269005854,5
30,20,15.0,53.216374269005854,5
30,20,15.0,53.216374269005854,5
30,20,15.0,53.216374269005854,5
30,20,15.0,53.216374269005854,5
30,20,15.0,53.216374269005854,5
30,20,15.0,53.216374269005854,5
30,20,15.0,53.216374269005854,5
30,20,15.0,53.216374269005854,5
30,20,15.0,53.216374269005854,5
30,20,15.0,53.216374269005854,5
30,20,15.0,53.216374269005854,5
30,20,15.0,53.216374269005854,5
30,20,15.0,53.216374269005854,5
30,20,15.0,53.216374269005854,5
30,20,15.0,53.216374269005854,5
30,20,15.0,53.216374269005854,5
30,20,15.0,53.216374269005854,5
30,20,15.0,53.216374269005854,5
30,20,15.0,53.216374269005854,5
30,20,15.0,53.216374269005854,5
30,20,15.0,53.216374269005854,5
30,20,15.0,53.216374269005854,5
30,20,15.0,53.216374269005854,5
30,20,15.0,53.216374269005854,5
30,20,15.0,53.216374269005854,5
30,20,15.0,53.216374269005854,5
30,20,15.0,53.216374269005854,5
30,20,15.0,53.216374269005854,5
30,20,15.0,53.216374269005854,5
30,20,15.0,53.216374269005854,5
30,20,15.0,53.216374269005854,5
30,20,15.0,53.216374269005854,5
30,20,15.0,53.216374269005854,5
30,20,15.0,53.216374269005854,5
30,20,15.0,53.216374269005854,5
30,20,15.0,53.216374269005854,5
30,20,15.0,53.216374269005854,5
30,20,15.0,53.216374269005854,5
30,20,15.0,53.216374269005854,5
30,20,15.0,53.216374269005854,5
30,20,15.0,53.216374269005854,5
30,20,15.0,53.216374269005854,5
30,20,15.0,53.216374269005854,5
30,20,15.0,53.216374269005854,5
30,20,15.0,53.216374269005854,5
30,20,15.0,53.216374269005854,5
30,20,15.0,53.216374269005854,5
30,20,15.0,53.216374269005854,5
30,20,15.0,53.216374269005854,5
30,20,15.0,53.216374269005854,5
30,20,15.0,53.216374269005854,5
30,20,15.0,53.216374269005854,5
30,20,15.0,53.216374269005854,5
30,20,15.0,53.216374269005854,5
30,20,15.0,53.216374269005854,5
29,20,15.0,53.80116959064327,6
29,20,15.0,53.80116959064327,6
29,20,15.0,53.80116959064327,6
29,20,15.0,53.80116959064327,6
29,20,15.0,53.80116959064327,6
29,20,15.0,53.80116959064327,6
29,20,15.0,53.80116959064327,6
29,20,15.0,53.80116959064327,6
29,20,15.0,53.80116959064327,6
29,20,15.0,53.80116959064327,6
29,20,15.0,53.80116959064327,6
29,20,15.0,53.80116959064327,6
29,20,15.0,53.80116959064327,6
29,20,15.0,53.80116959064327,6
29,20,15.0,53.80116959064327,6
29,20,15.0,53.80116959064327,6
29,20,15.0,53.80116959064327,6
29,20,15.0,53.80116959064327,6
29,20,15.0,53.80116959064327,6
29,20,15.0,53.80116959064327,6
29,20,15.0,53.80116959064327,6
29,20,15.0,53.80116959064327,6
29,20,15.0,53.80116959064327,6
29,20,15.0,53.80116959064327,6
29,20,15.0,53.80116959064327,6
29,20,15.0,53.80116959064327,6
29,20,15.0,53.80116959064327,6
29,20,15.0,53.80116959064327,6
29,20,15.0,53.80116959064327,6
29,20,15.0,53.80116959064327,6
29,20,15.0,53.80116959064327,6
29,20,15.0,53.80116959064327,6
29,20,15.0,53.80116959064327,6
29,20,15.0,53.80116959064327,6
29,20,15.0,53.80116959064327,6
29,20,15.0,53.80116959064327,6
29,20,15.0,53.80116959064327,6
29,20,15.0,53.80116959064327,6
29,20,15.0,53.80116959064327,6
28,19,15.0,52.99707602339181,7
28,19,15.0,52.99707602339181,7
28,19,15.0,52.99707602339181,7
28,19,15.0,52.99707602339181,7
28,19,15.0,52.99707602339181,7
28,19,15.0,52.99707602339181,7
28,19,15.0,52.99707602339181,7
28,19,15.0,52.99707602339181,7
28,19,15.0,52.99707602339181,7
28,19,15.0,52.99707602339181,7
28,19,15.0,52.99707602339181,7
28,19,15.0,52.99707602339181,7
28,19,15.0,52.99707602339181,7
28,19,15.0,52.99707602339181,7
28,19,15.0,52.99707602339181,7
28,19,15.0,52.99707602339181,7
28,19,15.0,52.99707602339181,7
28,19,15.0,52.99707602339181,7
28,19,15.0,52.99707602339181,7
28,19,15.0,52.99707602339181,7
28,19,15.0,52.99707602339181,7
28,19,15.0,52.99707602339181,7
28,19,15.0,52.99707602339181,7
28,19,15.0,52.99707602339181,7
28,19,15.0,52.99707602339181,7
28,19,15.0,52.99707602339181,7
28,19,15.0,52.99707602339181,7
28,19,15.0,52.99707602339181,7
28,19,15.0,52.99707602339181,7
28,19,15.0,52.99707602339181,7
28,19,15.0,52.99707602339181,7
28,19,15.0,52.99707602339181,7
28,19,15.0,52.99707602339181,7
28,19,15.0,52.99707602339181,7
28,19,15.0,52.99707602339181,7
28,19,15.0,52.99707602339181,7
28,19,15.0,52.99707602339181,7
28,19,15.0,52.99707602339181,7
28,19,15.0,52.99707602339181,7
28,19,15.0,52.99707602339181,7
28,19,15.0,52.99707602339181,7
28,19,15.0,52.99707602339181,7
28,19,15.0,52.99707602339181,7
28,19,15.0,52.99707602339181,7
28,19,15.0,52.99707602339181,7
28,19,15.0,52.99707602339181,7
28,19,15.0,52.99707602339181,7
28,19,15.0,52.99707602339181,7
29,19,15.0,52.99707602339181,8
29,19,15.0,52.99707602339181,8
29,19,15.0,52.99707602339181,8
29,19,15.0,52.99707602339181,8
29,19,15.0,52.99707602339181,8
29,19,15.0,52.99707602339181,8
29,19,15.0,52.99707602339181,8
29,19,15.0,52.99707602339181,8
29,19,15.0,52.99707602339181,8
29,19,15.0,52.99707602339181,8
29,19,15.0,52.99707602339181,8
29,19,15.0,52.99707602339181,8
29,19,15.0,52.99707602339181,8
29,19,15.0,52.99707602339181,8
29,19,15.0,52.99707602339181,8
29,19,15.0,52.99707602339181,8
29,19,15.0,52.99707602339181,8
29,19,15.0,52.99707602339181,8
29,19,15.0,52.99707602339181,8
29,19,15.0,52.99707602339181,8
29,19,15.0,52.99707602339181,8
29,19,15.0,52.99707602339181,8
29,19,15.0,52.99707602339181,8
29,19,15.0,52.99707602339181,8
29,19,15.0,52.99707602339181,8
29,19,15.0,52.99707602339181,8
29,19,15.0,52.99707602339181,8
29,19,15.0,52.99707602339181,8
29,19,15.0,52.99707602339181,8
29,19,15.0,52.99707602339181,8
29,19,15.0,52.99707602339181,8
29,19,15.0,52.99707602339181,8
29,19,15.0,52.99707602339181,8
29,19,15.0,52.99707602339181,8
29,19,15.0,52.99707602339181,8
29,19,15.0,52.99707602339181,8
29,19,15.0,52.99707602339181,8
29,19,15.0,52.99707602339181,8
29,19,15.0,52.99707602339181,8
29,19,15.0,52.99707602339181,8
29,19,15.0,52.99707602339181,8
29,19,15.0,52.99707602339181,8
29,19,15.0,52.99707602339181,8
29,19,15.0,52.99707602339181,8
29,19,15.0,52.99707602339181,8
29,19,15.0,52.99707602339181,8
29,19,15.0,52.99707602339181,8
29,19,15.0,52.99707602339181,8
28,19,15.0,52.99707602339181,9
28,19,15.0,52.99707602339181,9
28,19,15.0,52.99707602339181,9
28,19,15.0,52.99707602339181,9
28,19,15.0,52.99707602339181,9
28,19,15.0,52.99707602339181,9
28,19,15.0,52.99707602339181,9
28,19,15.0,52.99707602339181,9
28,19,15.0,52.99707602339181,9
28,19,15.0,52.99707602339181,9
28,19,15.0,52.99707602339181,9
28,19,15.0,52.99707602339181,9
28,19,15.0,52.99707602339181,9
28,19,15.0,52.99707602339181,9
28,19,15.0,52.99707602339181,9
28,19,15.0,52.99707602339181,9
28,19,15.0,52.99707602339181,9
28,19,15.0,52.99707602339181,9
28,19,15.0,52.99707602339181,9
28,19,15.0,52.99707602339181,9
28,19,15.0,52.99707602339181,9
28,19,15.0,52.99707602339181,9
28,19,15.0,52.99707602339181,9
28,19,15.0,52.99707602339181,9
28,19,15.0,52.99707602339181,9
28,19,15.0,52.99707602339181,9
28,19,15.0,52.99707602339181,9
28,19,15.0,52.99707602339181,9
28,19,15.0,52.99707602339181,9
28,19,15.0,52.99707602339181,9
28,19,15.0,52.99707602339181,9
28,19,15.0,52.99707602339181,9
28,19,15.0,52.99707602339181,9
28,19,15.0,52.99707602339181,9
28,19,15.0,52.99707602339181,9
28,19,15.0,52.99707602339181,9
28,19,15.0,52.99707602339181,9
28,19,15.0,52.99707602339181,9
28,19,15.0,52.99707602339181,9
28,19,15.0,52.99707602339181,9
28,19,15.0,52.99707602339181,9
28,19,15.0,52.99707602339181,9
28,19,15.0,52.99707602339181,9
28,19,15.0,52.99707602339181,9
28,19,15.0,52.99707602339181,9
28,19,15.0,52.99707602339181,9
28,19,15.0,52.99707602339181,9
28,19,15.0,52.99707602339181,9
28,19,15.0,52.99707602339181,9
28,19,15.0,52.99707602339181,9
28,19,15.0,52.99707602339181,9
30,19,15.0,52.63157894736842,10
30,19,15.0,52.63157894736842,10
30,19,15.0,52.63157894736842,10
30,19,15.0,52.63157894736842,10
30,19,15.0,52.63157894736842,10
30,19,15.0,52.63157894736842,10
30,19,15.0,52.63157894736842,10
30,19,15.0,52.63157894736842,10
30,19,15.0,52.63157894736842,10
30,19,15.0,52.63157894736842,10
30,19,15.0,52.63157894736842,10
30,19,15.0,52.63157894736842,10
30,19,15.0,52.63157894736842,10
30,19,15.0,52.63157894736842,10
30,19,15.0,52.63157894736842,10
30,19,15.0,52.63157894736842,10
30,19,15.0,52.63157894736842,10
30,19,15.0,52.63157894736842,10
30,19,15.0,52.63157894736842,10
30,19,15.0,52.63157894736842,10
30,19,15.0,52.63157894736842,10
30,19,15.0,52.63157894736842,10
30,19,15.0,52.63157894736842,10
30,19,15.0,52.63157894736842,10
30,19,15.0,52.63157894736842,10
30,19,15.0,52.63157894736842,10
30,19,15.0,52.63157894736842,10
30,19,15.0,52.63157894736842,10
30,19,15.0,52.63157894736842,10
30,19,15.0,52.63157894736842,10
30,19,15.0,52.63157894736842,10
30,19,15.0,52.63157894736842,10
30,19,15.0,52.63157894736842,10
30,19,15.0,52.63157894736842,10
30,19,15.0,52.63157894736842,10
30,19,15.0,52.63157894736842,10
30,19,15.0,52.63157894736842,10
30,19,15.0,52.63157894736842,10
30,19,15.0,52.63157894736842,10
30,19,15.0,52.63157894736842,10
30,19,15.0,52.63157894736842,10
30,19,15.0,52.63157894736842,10
30,19,15.0,52.63157894736842,10
30,19,15.0,52.63157894736842,10
30,19,15.0,52.63157894736842,10
30,19,15.0,52.63157894736842,10
30,19,15.0,52.63157894736842,10
30,19,15.0,52.63157894736842,10
30,19,15.0,52.63157894736842,10
30,19,15.0,52.63157894736842,10
30,19,15.0,52.63157894736842,10
30,19,15.0,52.63157894736842,10
30,19,15.0,52.63157894736842,10
30,19,15.0,52.63157894736842,10
30,19,15.0,52.63157894736842,10
30,19,15.0,52.63157894736842,10
27,19,15.0,52.48538011695907,11
27,19,15.0,52.48538011695907,11
27,19,15.0,52.48538011695907,11
27,19,15.0,52.48538011695907,11
27,19,15.0,52.48538011695907,11
27,19,15.0,52.48538011695907,11
27,19,15.0,52.48538011695907,11
27,19,15.0,52.48538011695907,11
27,19,15.0,52.48538011695907,11
27,19,15.0,52.48538011695907,11
27,19,15.0,52.48538011695907,11
27,19,15.0,52.48538011695907,11
27,19,15.0,52.48538011695907,11
27,19,15.0,52.48538011695907,11
27,19,15.0,52.48538011695907,11
27,19,15.0,52.48538011695907,11
27,19,15.0,52.48538011695907,11
27,19,15.0,52.48538011695907,11
27,19,15.0,52.48538011695907,11
27,19,15.0,52.48538011695907,11
27,19,15.0,52.48538011695907,11
27,19,15.0,52.48538011695907,11
27,19,15.0,52.48538011695907,11
27,19,15.0,52.48538011695907,11
27,19,15.0,52.48538011695907,11
27,19,15.0,52.48538011695907,11
27,19,15.0,52.48538011695907,11
27,19,15.0,52.48538011695907,11
27,19,15.0,52.48538011695907,11
27,19,15.0,52.48538011695907,11
27,19,15.0,52.48538011695907,11
27,19,15.0,52.48538011695907,11
27,19,15.0,52.48538011695907,11
27,19,15.0,52.48538011695907,11
27,19,15.0,52.48538011695907,11
27,19,15.0,52.48538011695907,11
27,19,15.0,52.48538011695907,11
27,19,15.0,52.48538011695907,11
27,19,15.0,52.48538011695907,11
27,19,15.0,52.48538011695907,11
27,19,15.0,52.48538011695907,11
27,19,15.0,52.48538011695907,11
27,19,15.0,52.48538011695907,11
27,19,15.0,52.48538011695907,11
27,19,15.0,52.48538011695907,11
27,19,15.0,52.48538011695907,11
27,19,15.0,52.48538011695907,11
27,19,15.0,52.48538011695907,11
27,19,15.0,52.63157894736842,12
27,19,15.0,52.63157894736842,12
27,19,15.0,52.63157894736842,12
27,19,15.0,52.63157894736842,12
27,19,15.0,52.63157894736842,12
27,19,15.0,52.63157894736842,12
27,19,15.0,52.63157894736842,12
27,19,15.0,52.63157894736842,12
27,19,15.0,52.63157894736842,12
27,19,15.0,52.63157894736842,12
27,19,15.0,52.63157894736842,12
27,19,15.0,52.63157894736842,12
27,19,15.0,52.63157894736842,12
27,19,15.0,52.63157894736842,12
27,19,15.0,52.63157894736842,12
27,19,15.0,52.63157894736842,12
27,19,15.0,52.63157894736842,12
27,19,15.0,52.63157894736842,12
27,19,15.0,52.63157894736842,12
27,19,15.0,52.63157894736842,12
27,19,15.0,52.63157894736842,12
27,19,15.0,52.63157894736842,12
27,19,15.0,52.63157894736842,12
27,19,15.0,52.63157894736842,12
27,19,15.0,52.63157894736842,12
27,19,15.0,52.63157894736842,12
27,19,15.0,52.63157894736842,12
27,19,15.0,52.63157894736842,12
27,19,15.0,52.63157894736842,12
27,19,15.0,52.63157894736842,12
27,19,15.0,52.63157894736842,12
27,19,15.0,52.63157894736842,12
27,19,15.0,52.63157894736842,12
27,19,15.0,52.63157894736842,12
27,19,15.0,52.63157894736842,12
27,19,15.0,52.63157894736842,12
27,19,15.0,52.63157894736842,12
27,19,15.0,52.63157894736842,12
27,19,15.0,52.63157894736842,12
27,19,15.0,52.63157894736842,12
27,19,15.0,52.63157894736842,12
27,19,15.0,52.63157894736842,12
27,19,15.0,52.63157894736842,12
27,19,15.0,52.63157894736842,12
27,19,15.0,52.63157894736842,12
27,19,15.0,52.63157894736842,12
27,19,15.0,52.63157894736842,12
27,19,15.0,52.63157894736842,12
27,19,15.0,52.63157894736842,12
27,19,15.0,52.63157894736842,12
27,19,15.0,52.63157894736842,12
27,19,15.0,52.63157894736842,12
27,19,15.0,52.63157894736842,12
27,19,15.0,52.63157894736842,12
27,19,15.0,52.63157894736842,12
27,19,15.0,52.63157894736842,12
27,19,15.0,52.63157894736842,12
27,19,15.0,52.63157894736842,12
27,19,15.0,52.63157894736842,12
27,19,15.0,52.63157894736842,12
27,19,15.0,52.63157894736842,12
27,19,15.0,52.63157894736842,12
27,19,15.0,52.63157894736842,12
27,19,15.0,52.63157894736842,12
28,19,15.0,53.143274853801174,13
28,19,15.0,53.143274853801174,13
28,19,15.0,53.143274853801174,13
28,19,15.0,53.143274853801174,13
28,19,15.0,53.143274853801174,13
28,19,15.0,53.143274853801174,13
28,19,15.0,53.143274853801174,13
28,19,15.0,53.143274853801174,13
28,19,15.0,53.143274853801174,13
28,19,15.0,53.143274853801174,13
28,19,15.0,53.143274853801174,13
28,19,15.0,53.143274853801174,13
28,19,15.0,53.143274853801174,13
28,19,15.0,53.143274853801174,13
28,19,15.0,53.143274853801174,13
28,19,15.0,53.143274853801174,13
28,19,15.0,53.143274853801174,13
28,19,15.0,53.143274853801174,13
28,19,15.0,53.143274853801174,13
28,19,15.0,53.143274853801174,13
28,19,15.0,53.143274853801174,13
28,19,15.0,53.143274853801174,13
28,19,15.0,53.143274853801174,13
28,19,15.0,53.143274853801174,13
28,19,15.0,53.143274853801174,13
28,19,15.0,53.143274853801174,13
28,19,15.0,53.143274853801174,13
28,19,15.0,53.143274853801174,13
28,19,15.0,53.143274853801174,13
28,19,15.0,53.143274853801174,13
28,19,15.0,53.143274853801174,13
28,19,15.0,53.143274853801174,13
28,19,15.0,53.143274853801174,13
28,19,15.0,53.143274853801174,13
28,19,15.0,53.143274853801174,13
28,19,15.0,53.143274853801174,13
28,19,15.0,53.143274853801174,13
28,19,15.0,53.143274853801174,13
28,19,15.0,53.143274853801174,13
28,19,15.0,53.143274853801174,13
28,19,15.0,53.143274853801174,13
28,19,15.0,53.143274853801174,13
28,19,15.0,53.143274853801174,13
28,19,15.0,53.143274853801174,13
28,19,15.0,53.143274853801174,13
28,19,15.0,53.143274853801174,13
28,19,15.0,53.143274853801174,13
28,19,15.0,53.143274853801174,13
28,19,15.0,53.143274853801174,13
28,19,15.0,53.143274853801174,13
28,19,15.0,53.143274853801174,13
27,19,15.0,52.77777777777778,14
27,19,15.0,52.77777777777778,14
27,19,15.0,52.77777777777778,14
27,19,15.0,52.77777777777778,14
27,19,15.0,52.77777777777778,14
27,19,15.0,52.77777777777778,14
27,19,15.0,52.77777777777778,14
27,19,15.0,52.77777777777778,14
27,19,15.0,52.77777777777778,14
27,19,15.0,52.77777777777778,14
27,19,15.0,52.77777777777778,14
27,19,15.0,52.77777777777778,14
27,19,15.0,52.77777777777778,14
27,19,15.0,52.77777777777778,14
27,19,15.0,52.77777777777778,14
27,19,15.0,52.77777777777778,14
27,19,15.0,52.77777777777778,14
27,19,15.0,52.77777777777778,14
27,19,15.0,52.77777777777778,14
27,19,15.0,52.77777777777778,14
27,19,15.0,52.77777777777778,14
27,19,15.0,52.77777777777778,14
27,19,15.0,52.77777777777778,14
27,19,15.0,52.77777777777778,14
27,19,15.0,52.77777777777778,14
27,19,15.0,52.77777777777778,14
27,19,15.0,52.77777777777778,14
27,19,15.0,52.77777777777778,14
27,19,15.0,52.77777777777778,14
27,19,15.0,52.77777777777778,14
27,19,15.0,52.77777777777778,14
27,19,15.0,52.77777777777778,14
27,19,15.0,52.77777777777778,14
27,19,15.0,52.77777777777778,14
27,19,15.0,52.77777777777778,14
27,19,15.0,52.77777777777778,14
27,19,15.0,52.77777777777778,14
27,19,15.0,52.77777777777778,14
27,19,15.0,52.77777777777778,14
27,19,15.0,52.77777777777778,14
27,19,15.0,52.77777777777778,14
27,19,15.0,52.77777777777778,14
27,19,15.0,52.77777777777778,14
27,19,15.0,52.77777777777778,14
27,19,15.0,52.77777777777778,14
35,23,20.0,52.77777777777778,4
35,23,20.0,52.77777777777778,4
35,23,20.0,52.77777777777778,4
35,23,20.0,52.77777777777778,4
35,23,20.0,52.77777777777778,4
35,23,20.0,52.77777777777778,4
35,23,20.0,52.77777777777778,4
35,23,20.0,52.77777777777778,4
35,23,20.0,52.77777777777778,4
35,23,20.0,52.77777777777778,4
35,23,20.0,52.77777777777778,4
35,23,20.0,52.77777777777778,4
35,23,20.0,52.77777777777778,4
35,23,20.0,52.77777777777778,4
35,23,20.0,52.77777777777778,4
35,23,20.0,52.77777777777778,4
35,23,20.0,52.77777777777778,4
35,23,20.0,52.77777777777778,4
35,23,20.0,52.77777777777778,4
35,23,20.0,52.77777777777778,4
35,23,20.0,52.77777777777778,4
35,23,20.0,52.77777777777778,4
35,23,20.0,52.77777777777778,4
35,23,20.0,52.77777777777778,4
35,23,20.0,52.77777777777778,4
35,23,20.0,52.77777777777778,4
35,23,20.0,52.77777777777778,4
35,23,20.0,52.85087719298246,4
35,23,20.0,52.85087719298246,4
35,23,20.0,52.85087719298246,4
35,23,20.0,52.85087719298246,4
35,23,20.0,52.85087719298246,4
35,23,20.0,52.77777777777778,4
35,23,20.0,52.77777777777778,4
35,23,20.0,52.77777777777778,4
35,23,20.0,52.77777777777778,4
35,23,20.0,52.77777777777778,4
35,23,20.0,52.77777777777778,4
35,23,20.0,52.77777777777778,4
35,23,20.0,52.77777777777778,4
35,23,20.0,52.77777777777778,4
35,23,20.0,52.77777777777778,4
35,23,20.0,52.77777777777778,4
35,23,20.0,52.77777777777778,4
35,23,20.0,52.77777777777778,4
35,23,20.0,52.77777777777778,4
35,23,20.0,52.77777777777778,4
35,23,20.0,52.77777777777778,4
35,23,20.0,52.77777777777778,4
35,23,20.0,52.77777777777778,4
35,23,20.0,52.77777777777778,4
35,23,20.0,52.77777777777778,4
35,23,20.0,52.77777777777778,4
35,23,20.0,52.77777777777778,4
35,23,20.0,52.77777777777778,4
35,23,20.0,52.77777777777778,4
35,23,20.0,52.77777777777778,4
35,23,20.0,52.77777777777778,4
32,21,20.0,53.289473684210535,5
32,21,20.0,53.289473684210535,5
32,21,20.0,53.289473684210535,5
32,21,20.0,53.289473684210535,5
32,21,20.0,53.289473684210535,5
32,21,20.0,53.289473684210535,5
32,21,20.0,53.289473684210535,5
32,21,20.0,53.289473684210535,5
32,21,20.0,53.289473684210535,5
32,21,20.0,53.289473684210535,5
32,21,20.0,53.289473684210535,5
32,21,20.0,53.289473684210535,5
32,21,20.0,53.289473684210535,5
32,21,20.0,53.289473684210535,5
32,21,20.0,53.289473684210535,5
32,21,20.0,53.289473684210535,5
32,21,20.0,53.289473684210535,5
32,21,20.0,53.289473684210535,5
32,21,20.0,53.289473684210535,5
32,21,20.0,53.289473684210535,5
32,21,20.0,53.289473684210535,5
32,21,20.0,53.289473684210535,5
32,21,20.0,53.289473684210535,5
32,21,20.0,53.289473684210535,5
32,21,20.0,53.289473684210535,5
32,21,20.0,53.289473684210535,5
32,21,20.0,53.289473684210535,5
32,21,20.0,53.289473684210535,5
32,21,20.0,53.289473684210535,5
32,21,20.0,53.289473684210535,5
32,21,20.0,53.289473684210535,5
32,21,20.0,53.289473684210535,5
32,21,20.0,53.289473684210535,5
32,21,20.0,53.289473684210535,5
32,21,20.0,53.289473684210535,5
32,21,20.0,53.289473684210535,5
32,21,20.0,53.289473684210535,5
32,21,20.0,53.289473684210535,5
32,21,20.0,53.289473684210535,5
32,21,20.0,53.289473684210535,5
32,21,20.0,53.289473684210535,5
32,21,20.0,53.289473684210535,5
32,21,20.0,53.289473684210535,5
32,21,20.0,53.289473684210535,5
32,21,20.0,53.289473684210535,5
32,21,20.0,53.289473684210535,5
32,21,20.0,53.289473684210535,5
32,21,20.0,53.289473684210535,5
32,21,20.0,53.289473684210535,5
32,21,20.0,53.289473684210535,5
32,21,20.0,53.289473684210535,5
32,21,20.0,53.289473684210535,5
32,21,20.0,53.289473684210535,5
32,21,20.0,53.289473684210535,5
32,21,20.0,53.289473684210535,5
32,21,20.0,53.289473684210535,5
32,21,20.0,53.289473684210535,5
32,21,20.0,53.289473684210535,5
32,21,20.0,53.289473684210535,5
32,21,20.0,53.289473684210535,5
32,21,20.0,53.289473684210535,5
32,21,20.0,53.289473684210535,5
30,21,20.0,54.02046783625731,6
30,21,20.0,54.02046783625731,6
30,21,20.0,54.02046783625731,6
30,21,20.0,54.02046783625731,6
30,21,20.0,54.02046783625731,6
30,21,20.0,54.02046783625731,6
30,21,20.0,54.02046783625731,6
30,21,20.0,54.02046783625731,6
30,21,20.0,54.02046783625731,6
30,21,20.0,54.02046783625731,6
30,21,20.0,54.02046783625731,6
30,21,20.0,54.02046783625731,6
30,21,20.0,54.02046783625731,6
30,21,20.0,54.02046783625731,6
30,21,20.0,54.02046783625731,6
30,21,20.0,54.02046783625731,6
30,21,20.0,54.02046783625731,6
30,21,20.0,54.02046783625731,6
30,21,20.0,54.02046783625731,6
30,21,20.0,54.02046783625731,6
30,21,20.0,54.02046783625731,6
30,21,20.0,54.02046783625731,6
30,21,20.0,54.02046783625731,6
30,21,20.0,54.02046783625731,6
30,21,20.0,54.02046783625731,6
30,21,20.0,54.02046783625731,6
30,21,20.0,54.02046783625731,6
30,21,20.0,54.02046783625731,6
30,21,20.0,54.02046783625731,6
30,21,20.0,54.02046783625731,6
30,21,20.0,54.02046783625731,6
30,21,20.0,54.02046783625731,6
30,21,20.0,54.02046783625731,6
30,21,20.0,54.02046783625731,6
30,21,20.0,54.02046783625731,6
30,21,20.0,54.02046783625731,6
30,21,20.0,54.02046783625731,6
30,21,20.0,54.02046783625731,6
30,21,20.0,54.02046783625731,6
30,21,20.0,54.02046783625731,6
30,21,20.0,54.02046783625731,6
30,21,20.0,54.02046783625731,6
30,21,20.0,54.02046783625731,6
30,21,20.0,54.02046783625731,6
30,21,20.0,54.02046783625731,6
30,21,20.0,54.02046783625731,6
30,21,20.0,54.02046783625731,6
30,21,20.0,54.02046783625731,6
30,21,20.0,54.02046783625731,6
30,21,20.0,54.02046783625731,6
30,21,20.0,54.02046783625731,6
30,21,20.0,54.02046783625731,6
30,21,20.0,54.02046783625731,6
30,21,20.0,54.02046783625731,6
30,21,20.0,54.02046783625731,6
30,21,20.0,54.02046783625731,6
30,21,20.0,54.02046783625731,6
30,21,20.0,54.02046783625731,6
30,21,20.0,54.02046783625731,6
30,21,20.0,54.02046783625731,6
30,21,20.0,54.02046783625731,6
30,20,20.0,52.33918128654971,7
30,20,20.0,52.33918128654971,7
30,20,20.0,52.33918128654971,7
30,20,20.0,52.33918128654971,7
30,20,20.0,52.33918128654971,7
30,20,20.0,52.33918128654971,7
30,20,20.0,52.33918128654971,7
30,20,20.0,52.33918128654971,7
30,20,20.0,52.33918128654971,7
30,20,20.0,52.33918128654971,7
30,20,20.0,52.33918128654971,7
30,20,20.0,52.33918128654971,7
30,20,20.0,52.33918128654971,7
30,20,20.0,52.33918128654971,7
30,20,20.0,52.33918128654971,7
30,20,20.0,52.33918128654971,7
30,20,20.0,52.33918128654971,7
30,20,20.0,52.33918128654971,7
30,20,20.0,52.33918128654971,7
30,20,20.0,52.33918128654971,7
30,20,20.0,52.33918128654971,7
30,20,20.0,52.33918128654971,7
30,20,20.0,52.33918128654971,7
30,20,20.0,52.33918128654971,7
30,20,20.0,52.33918128654971,7
30,20,20.0,52.33918128654971,7
30,20,20.0,52.33918128654971,7
30,20,20.0,52.33918128654971,7
30,20,20.0,52.33918128654971,7
30,20,20.0,52.33918128654971,7
30,20,20.0,52.33918128654971,7
30,20,20.0,52.33918128654971,7
30,20,20.0,52.33918128654971,7
30,20,20.0,52.33918128654971,7
30,20,20.0,52.33918128654971,7
30,20,20.0,52.33918128654971,7
30,20,20.0,52.33918128654971,7
30,20,20.0,52.33918128654971,7
29,20,20.0,52.77777777777778,8
29,20,20.0,52.77777777777778,8
29,20,20.0,52.77777777777778,8
29,20,20.0,52.77777777777778,8
29,20,20.0,52.77777777777778,8
29,20,20.0,52.77777777777778,8
29,20,20.0,52.77777777777778,8
29,20,20.0,52.77777777777778,8
29,20,20.0,52.77777777777778,8
29,20,20.0,52.77777777777778,8
29,20,20.0,52.77777777777778,8
29,20,20.0,52.77777777777778,8
29,20,20.0,52.77777777777778,8
29,20,20.0,52.77777777777778,8
29,20,20.0,52.77777777777778,8
29,20,20.0,52.77777777777778,8
29,20,20.0,52.77777777777778,8
29,20,20.0,52.77777777777778,8
29,20,20.0,52.77777777777778,8
29,20,20.0,52.77777777777778,8
29,20,20.0,52.77777777777778,8
29,20,20.0,52.77777777777778,8
29,20,20.0,52.77777777777778,8
29,20,20.0,52.77777777777778,8
29,20,20.0,52.77777777777778,8
29,20,20.0,52.77777777777778,8
29,20,20.0,52.77777777777778,8
29,20,20.0,52.77777777777778,8
29,20,20.0,52.77777777777778,8
29,20,20.0,52.77777777777778,8
29,20,20.0,52.77777777777778,8
29,20,20.0,52.77777777777778,8
29,20,20.0,52.77777777777778,8
29,20,20.0,52.77777777777778,8
29,20,20.0,52.77777777777778,8
29,20,20.0,52.77777777777778,8
29,20,20.0,52.77777777777778,8
29,20,20.0,52.77777777777778,8
29,20,20.0,52.77777777777778,8
29,20,20.0,52.77777777777778,8
29,20,20.0,52.77777777777778,8
29,20,20.0,52.77777777777778,8
29,20,20.0,52.77777777777778,8
29,20,20.0,52.77777777777778,8
29,20,20.0,52.77777777777778,8
29,20,20.0,52.77777777777778,8
29,20,20.0,52.77777777777778,8
29,20,20.0,52.77777777777778,8
29,20,20.0,52.77777777777778,8
29,20,20.0,52.77777777777778,8
29,20,20.0,52.77777777777778,8
29,20,20.0,52.77777777777778,8
29,20,20.0,52.77777777777778,8
29,20,20.0,52.77777777777778,8
29,20,20.0,52.77777777777778,8
30,20,20.0,53.143274853801174,9
30,20,20.0,53.143274853801174,9
30,20,20.0,53.143274853801174,9
30,20,20.0,53.143274853801174,9
30,20,20.0,53.143274853801174,9
30,20,20.0,53.143274853801174,9
30,20,20.0,53.143274853801174,9
30,20,20.0,53.143274853801174,9
30,20,20.0,53.143274853801174,9
30,20,20.0,53.143274853801174,9
30,20,20.0,53.143274853801174,9
30,20,20.0,53.143274853801174,9
30,20,20.0,53.143274853801174,9
30,20,20.0,53.143274853801174,9
30,20,20.0,53.143274853801174,9
30,20,20.0,53.143274853801174,9
30,20,20.0,53.143274853801174,9
30,20,20.0,53.143274853801174,9
30,20,20.0,53.143274853801174,9
30,20,20.0,53.143274853801174,9
30,20,20.0,53.143274853801174,9
30,20,20.0,53.143274853801174,9
30,20,20.0,53.143274853801174,9
30,20,20.0,53.143274853801174,9
30,20,20.0,53.143274853801174,9
30,20,20.0,53.143274853801174,9
30,20,20.0,53.143274853801174,9
30,20,20.0,53.143274853801174,9
30,20,20.0,53.143274853801174,9
30,20,20.0,53.143274853801174,9
30,20,20.0,53.143274853801174,9
30,20,20.0,53.143274853801174,9
30,20,20.0,53.143274853801174,9
30,20,20.0,53.143274853801174,9
30,20,20.0,53.143274853801174,9
30,20,20.0,53.143274853801174,9
30,20,20.0,53.143274853801174,9
30,20,20.0,53.143274853801174,9
30,20,20.0,53.143274853801174,9
30,20,20.0,53.143274853801174,9
30,20,20.0,53.143274853801174,9
30,20,20.0,53.143274853801174,9
30,20,20.0,53.143274853801174,9
30,20,20.0,53.143274853801174,9
30,20,20.0,53.143274853801174,9
30,20,20.0,53.143274853801174,9
30,20,20.0,53.143274853801174,9
30,20,20.0,53.143274853801174,9
30,20,20.0,53.143274853801174,9
30,20,20.0,53.143274853801174,9
30,20,20.0,53.143274853801174,9
30,20,20.0,53.143274853801174,9
30,20,20.0,53.143274853801174,9
30,20,20.0,53.143274853801174,9
30,20,20.0,53.80116959064327,10
30,20,20.0,53.80116959064327,10
30,20,20.0,53.80116959064327,10
30,20,20.0,53.80116959064327,10
30,20,20.0,53.80116959064327,10
30,20,20.0,53.80116959064327,10
30,20,20.0,53.80116959064327,10
30,20,20.0,53.80116959064327,10
30,20,20.0,53.80116959064327,10
30,20,20.0,53.80116959064327,10
30,20,20.0,53.80116959064327,10
30,20,20.0,53.80116959064327,10
30,20,20.0,53.80116959064327,10
30,20,20.0,53.80116959064327,10
30,20,20.0,53.80116959064327,10
30,20,20.0,53.80116959064327,10
30,20,20.0,53.80116959064327,10
30,20,20.0,53.80116959064327,10
30,20,20.0,53.80116959064327,10
30,20,20.0,53.80116959064327,10
30,20,20.0,53.80116959064327,10
30,20,20.0,53.80116959064327,10
30,20,20.0,53.80116959064327,10
30,20,20.0,53.80116959064327,10
30,20,20.0,53.80116959064327,10
30,20,20.0,53.80116959064327,10
30,20,20.0,53.80116959064327,10
30,20,20.0,53.80116959064327,10
30,20,20.0,53.80116959064327,10
30,20,20.0,53.80116959064327,10
30,20,20.0,53.80116959064327,10
30,20,20.0,53.80116959064327,10
30,20,20.0,53.80116959064327,10
30,20,20.0,53.80116959064327,10
30,20,20.0,53.80116959064327,10
30,20,20.0,53.80116959064327,10
30,20,20.0,53.80116959064327,10
30,20,20.0,53.80116959064327,10
30,20,20.0,53.80116959064327,10
30,20,20.0,53.80116959064327,10
27,19,20.0,53.3625730994152,11
27,19,20.0,53.3625730994152,11
27,19,20.0,53.3625730994152,11
27,19,20.0,53.3625730994152,11
27,19,20.0,53.3625730994152,11
27,19,20.0,53.3625730994152,11
27,19,20.0,53.3625730994152,11
27,19,20.0,53.3625730994152,11
27,19,20.0,53.3625730994152,11
27,19,20.0,53.3625730994152,11
27,19,20.0,53.3625730994152,11
27,19,20.0,53.3625730994152,11
27,19,20.0,53.3625730994152,11
27,19,20.0,53.3625730994152,11
27,19,20.0,53.3625730994152,11
27,19,20.0,53.3625730994152,11
27,19,20.0,53.3625730994152,11
27,19,20.0,53.3625730994152,11
27,19,20.0,53.3625730994152,11
27,19,20.0,53.3625730994152,11
27,19,20.0,53.3625730994152,11
27,19,20.0,53.3625730994152,11
27,19,20.0,53.3625730994152,11
27,19,20.0,53.3625730994152,11
27,19,20.0,53.3625730994152,11
27,19,20.0,53.3625730994152,11
27,19,20.0,53.3625730994152,11
27,19,20.0,53.3625730994152,11
27,19,20.0,53.3625730994152,11
27,19,20.0,53.3625730994152,11
27,19,20.0,53.3625730994152,11
27,19,20.0,53.3625730994152,11
27,19,20.0,53.3625730994152,11
27,19,20.0,53.3625730994152,11
27,19,20.0,53.3625730994152,11
27,19,20.0,53.3625730994152,11
27,19,20.0,53.3625730994152,11
27,19,20.0,53.3625730994152,11
27,19,20.0,53.3625730994152,11
27,19,20.0,53.3625730994152,11
27,19,20.0,53.3625730994152,11
27,19,20.0,53.3625730994152,11
27,19,20.0,53.3625730994152,11
27,19,20.0,53.3625730994152,11
27,19,20.0,53.3625730994152,11
27,19,20.0,53.3625730994152,11
27,19,20.0,53.3625730994152,11
27,19,20.0,53.3625730994152,11
0,0,20.0,52.41228070175439,12
0,0,20.0,52.41228070175439,12
0,0,20.0,52.41228070175439,12
0,0,20.0,52.41228070175439,12
0,0,20.0,52.41228070175439,12
0,0,20.0,52.41228070175439,12
0,0,20.0,52.41228070175439,12
0,0,20.0,52.41228070175439,12
0,0,20.0,52.41228070175439,12
0,0,20.0,52.41228070175439,12
0,0,20.0,52.41228070175439,12
0,0,20.0,52.41228070175439,12
0,0,20.0,52.41228070175439,12
0,0,20.0,52.41228070175439,12
0,0,20.0,52.41228070175439,12
0,0,20.0,52.41228070175439,12
0,0,20.0,52.41228070175439,12
0,0,20.0,52.41228070175439,12
0,0,20.0,52.41228070175439,12
0,0,20.0,52.41228070175439,12
0,0,20.0,52.41228070175439,12
0,0,20.0,52.41228070175439,12
0,0,20.0,52.41228070175439,12
0,0,20.0,52.41228070175439,12
0,0,20.0,52.41228070175439,12
0,0,20.0,52.41228070175439,12
0,0,20.0,52.41228070175439,12
0,0,20.0,52.41228070175439,12
0,0,20.0,52.41228070175439,12
0,0,20.0,52.41228070175439,12
0,0,20.0,52.41228070175439,12
0,0,20.0,52.41228070175439,12
0,0,20.0,52.41228070175439,12
0,0,20.0,52.41228070175439,12
0,0,20.0,52.41228070175439,12
0,0,20.0,52.41228070175439,12
0,0,20.0,52.41228070175439,12
0,0,20.0,52.41228070175439,12
0,0,20.0,52.41228070175439,12
0,0,20.0,52.41228070175439,12
0,0,20.0,52.41228070175439,12
0,0,20.0,52.41228070175439,12
0,0,20.0,52.41228070175439,12
0,0,20.0,52.41228070175439,12
0,0,20.0,52.41228070175439,12
0,0,20.0,52.41228070175439,12
0,0,20.0,52.41228070175439,12
0,0,20.0,52.41228070175439,12
0,0,20.0,52.41228070175439,12
0,0,20.0,52.41228070175439,12
0,0,20.0,52.41228070175439,12
0,0,20.0,52.41228070175439,12
0,0,20.0,52.41228070175439,12
0,0,20.0,52.41228070175439,12
0,0,20.0,52.41228070175439,12
0,0,20.0,52.41228070175439,12
0,0,20.0,52.41228070175439,12
0,0,20.0,52.41228070175439,12
0,0,20.0,52.41228070175439,12
0,0,20.0,52.41228070175439,12
0,0,20.0,52.41228070175439,12
0,0,20.0,52.41228070175439,12
0,0,20.0,52.41228070175439,12
29,20,20.0,52.77777777777778,13
29,20,20.0,52.77777777777778,13
29,20,20.0,52.77777777777778,13
29,20,20.0,52.77777777777778,13
29,20,20.0,52.77777777777778,13
29,20,20.0,52.77777777777778,13
29,20,20.0,52.77777777777778,13
29,20,20.0,52.77777777777778,13
29,20,20.0,52.77777777777778,13
29,20,20.0,52.77777777777778,13
29,20,20.0,52.77777777777778,13
29,20,20.0,52.77777777777778,13
29,20,20.0,52.77777777777778,13
29,20,20.0,52.77777777777778,13
29,20,20.0,52.77777777777778,13
29,20,20.0,52.77777777777778,13
29,20,20.0,52.77777777777778,13
29,20,20.0,52.77777777777778,13
29,20,20.0,52.77777777777778,13
29,20,20.0,52.77777777777778,13
29,20,20.0,52.77777777777778,13
29,20,20.0,52.77777777777778,13
29,20,20.0,52.77777777777778,13
29,20,20.0,52.77777777777778,13
29,20,20.0,52.77777777777778,13
29,20,20.0,52.77777777777778,13
29,20,20.0,52.77777777777778,13
29,20,20.0,52.77777777777778,13
29,20,20.0,52.77777777777778,13
29,20,20.0,52.77777777777778,13
29,20,20.0,52.77777777777778,13
29,20,20.0,52.77777777777778,13
29,20,20.0,52.77777777777778,13
29,20,20.0,52.77777777777778,13
29,20,20.0,52.77777777777778,13
29,20,20.0,52.77777777777778,13
29,20,20.0,52.77777777777778,13
29,20,20.0,52.77777777777778,13
29,20,20.0,52.77777777777778,13
29,20,20.0,52.77777777777778,13
29,20,20.0,52.77777777777778,13
29,20,20.0,52.77777777777778,13
29,20,20.0,52.77777777777778,13
29,20,20.0,52.77777777777778,13
29,20,20.0,52.77777777777778,13
29,20,20.0,52.77777777777778,13
29,20,20.0,52.77777777777778,13
29,20,20.0,52.77777777777778,13
29,20,20.0,52.77777777777778,13
29,20,20.0,52.77777777777778,13
29,20,20.0,52.77777777777778,13
29,20,20.0,52.77777777777778,13
29,20,20.0,52.7046783625731,14
29,20,20.0,52.7046783625731,14
29,20,20.0,52.7046783625731,14
29,20,20.0,52.7046783625731,14
29,20,20.0,52.77777777777778,14
29,20,20.0,52.77777777777778,14
29,20,20.0,52.77777777777778,14
29,20,20.0,52.7046783625731,14
29,20,20.0,52.7046783625731,14
29,20,20.0,52.7046783625731,14
29,20,20.0,52.7046783625731,14
29,20,20.0,52.7046783625731,14
29,20,20.0,52.7046783625731,14
29,20,20.0,52.7046783625731,14
29,20,20.0,52.7046783625731,14
29,20,20.0,52.7046783625731,14
29,20,20.0,52.7046783625731,14
29,20,20.0,52.7046783625731,14
29,20,20.0,52.7046783625731,14
29,20,20.0,52.7046783625731,14
29,20,20.0,52.7046783625731,14
29,20,20.0,52.7046783625731,14
29,20,20.0,52.7046783625731,14
29,20,20.0,52.7046783625731,14
29,20,20.0,52.7046783625731,14
29,20,20.0,52.7046783625731,14
29,20,20.0,52.7046783625731,14
29,20,20.0,52.7046783625731,14
29,20,20.0,52.7046783625731,14
29,20,20.0,52.7046783625731,14
29,20,20.0,52.7046783625731,14
29,20,20.0,52.7046783625731,14
29,20,20.0,52.7046783625731,14
29,20,20.0,52.7046783625731,14
29,20,20.0,52.7046783625731,14
29,20,20.0,52.77777777777778,14
29,20,20.0,52.77777777777778,14
29,20,20.0,52.77777777777778,14
29,20,20.0,52.7046783625731,14
29,20,20.0,52.7046783625731,14
29,20,20.0,52.7046783625731,14
29,20,20.0,52.7046783625731,14
29,20,20.0,52.7046783625731,14
29,20,20.0,52.7046783625731,14
38,23,25.0,52.7046783625731,4
38,23,25.0,52.7046783625731,4
38,23,25.0,52.7046783625731,4
38,23,25.0,52.7046783625731,4
38,23,25.0,52.7046783625731,4
38,23,25.0,52.7046783625731,4
38,23,25.0,52.7046783625731,4
38,23,25.0,52.7046783625731,4
38,23,25.0,52.7046783625731,4
38,23,25.0,52.7046783625731,4
38,23,25.0,52.7046783625731,4
38,23,25.0,52.7046783625731,4
38,23,25.0,52.7046783625731,4
38,23,25.0,52.7046783625731,4
38,23,25.0,52.7046783625731,4
38,23,25.0,52.7046783625731,4
38,23,25.0,52.7046783625731,4
38,23,25.0,52.7046783625731,4
38,23,25.0,52.7046783625731,4
38,23,25.0,52.7046783625731,4
38,23,25.0,52.7046783625731,4
38,23,25.0,52.7046783625731,4
38,23,25.0,52.7046783625731,4
38,23,25.0,52.7046783625731,4
38,23,25.0,52.7046783625731,4
38,23,25.0,52.7046783625731,4
38,23,25.0,52.7046783625731,4
38,23,25.0,52.7046783625731,4
38,23,25.0,52.7046783625731,4
38,23,25.0,52.7046783625731,4
38,23,25.0,52.77777777777778,4
38,23,25.0,52.77777777777778,4
38,23,25.0,52.77777777777778,4
38,23,25.0,52.77777777777778,4
38,23,25.0,52.77777777777778,4
38,23,25.0,52.77777777777778,4
38,23,25.0,52.77777777777778,4
38,23,25.0,52.7046783625731,4
38,23,25.0,52.7046783625731,4
38,23,25.0,52.7046783625731,4
38,23,25.0,52.7046783625731,4
38,23,25.0,52.7046783625731,4
38,23,25.0,52.7046783625731,4
38,23,25.0,52.7046783625731,4
38,23,25.0,52.7046783625731,4
38,23,25.0,52.7046783625731,4
38,23,25.0,52.7046783625731,4
38,23,25.0,52.7046783625731,4
38,23,25.0,52.7046783625731,4
38,23,25.0,52.7046783625731,4
38,23,25.0,52.7046783625731,4
38,23,25.0,52.7046783625731,4
38,23,25.0,52.7046783625731,4
38,23,25.0,52.7046783625731,4
39,23,25.0,54.385964912280706,5
39,23,25.0,54.385964912280706,5
39,23,25.0,54.385964912280706,5
39,23,25.0,54.385964912280706,5
39,23,25.0,54.385964912280706,5
39,23,25.0,54.385964912280706,5
39,23,25.0,54.385964912280706,5
39,23,25.0,54.385964912280706,5
39,23,25.0,54.385964912280706,5
39,23,25.0,54.385964912280706,5
39,23,25.0,54.385964912280706,5
39,23,25.0,54.385964912280706,5
39,23,25.0,54.385964912280706,5
39,23,25.0,54.385964912280706,5
39,23,25.0,54.385964912280706,5
39,23,25.0,54.385964912280706,5
39,23,25.0,54.385964912280706,5
39,23,25.0,54.385964912280706,5
39,23,25.0,54.385964912280706,5
39,23,25.0,54.385964912280706,5
39,23,25.0,54.385964912280706,5
39,23,25.0,54.385964912280706,5
39,23,25.0,54.385964912280706,5
39,23,25.0,54.385964912280706,5
39,23,25.0,54.385964912280706,5
39,23,25.0,54.385964912280706,5
39,23,25.0,54.385964912280706,5
39,23,25.0,54.385964912280706,5
39,23,25.0,54.385964912280706,5
39,23,25.0,54.385964912280706,5
39,23,25.0,54.385964912280706,5
39,23,25.0,54.385964912280706,5
39,23,25.0,54.385964912280706,5
39,23,25.0,54.385964912280706,5
39,23,25.0,54.385964912280706,5
39,23,25.0,54.385964912280706,5
39,23,25.0,54.385964912280706,5
39,23,25.0,54.385964912280706,5
39,23,25.0,54.385964912280706,5
39,23,25.0,54.385964912280706,5
39,23,25.0,54.385964912280706,5
39,23,25.0,54.385964912280706,5
39,23,25.0,54.385964912280706,5
39,23,25.0,54.385964912280706,5
39,23,25.0,54.385964912280706,5
39,23,25.0,54.385964912280706,5
39,23,25.0,54.385964912280706,5
39,23,25.0,54.385964912280706,5
39,23,25.0,54.385964912280706,5
39,23,25.0,54.385964912280706,5
39,23,25.0,54.385964912280706,5
39,23,25.0,54.385964912280706,5
39,23,25.0,54.385964912280706,5
39,23,25.0,54.385964912280706,5
39,23,25.0,54.385964912280706,5
39,23,25.0,54.385964912280706,5
39,23,25.0,54.385964912280706,5
39,23,25.0,54.385964912280706,5
39,23,25.0,54.385964912280706,5
39,23,25.0,54.385964912280706,5
39,23,25.0,54.385964912280706,5
39,23,25.0,54.385964912280706,5
39,23,25.0,54.385964912280706,5
39,23,25.0,54.385964912280706,5
39,23,25.0,54.385964912280706,5
39,23,25.0,54.385964912280706,5
39,23,25.0,54.385964912280706,5
39,23,25.0,54.385964912280706,5
39,23,25.0,54.385964912280706,5
39,23,25.0,54.385964912280706,5
39,23,25.0,54.385964912280706,5
39,23,25.0,54.385964912280706,5
39,23,25.0,54.385964912280706,5
39,23,25.0,54.385964912280706,5
39,23,25.0,54.385964912280706,5
39,23,25.0,54.385964912280706,5
39,23,25.0,54.385964912280706,5
34,22,25.0,53.80116959064327,6
34,22,25.0,53.87426900584795,6
34,22,25.0,53.87426900584795,6
34,22,25.0,53.87426900584795,6
34,22,25.0,53.87426900584795,6
34,22,25.0,53.87426900584795,6
34,22,25.0,53.80116959064327,6
34,22,25.0,53.80116959064327,6
34,22,25.0,53.80116959064327,6
34,22,25.0,53.80116959064327,6
34,22,25.0,53.80116959064327,6
34,22,25.0,53.80116959064327,6
34,22,25.0,53.80116959064327,6
34,22,25.0,53.80116959064327,6
34,22,25.0,53.80116959064327,6
34,22,25.0,53.80116959064327,6
34,22,25.0,53.80116959064327,6
34,22,25.0,53.80116959064327,6
34,22,25.0,53.80116959064327,6
34,22,25.0,53.80116959064327,6
34,22,25.0,53.80116959064327,6
34,22,25.0,53.80116959064327,6
34,22,25.0,53.80116959064327,6
34,22,25.0,53.80116959064327,6
34,22,25.0,53.80116959064327,6
34,22,25.0,53.80116959064327,6
34,22,25.0,53.80116959064327,6
34,22,25.0,53.80116959064327,6
34,22,25.0,53.80116959064327,6
34,22,25.0,53.80116959064327,6
34,22,25.0,53.80116959064327,6
34,22,25.0,53.80116959064327,6
34,22,25.0,53.80116959064327,6
34,22,25.0,53.80116959064327,6
34,22,25.0,53.80116959064327,6
34,22,25.0,53.80116959064327,6
34,22,25.0,53.80116959064327,6
34,22,25.0,53.80116959064327,6
34,22,25.0,53.80116959064327,6
34,22,25.0,53.80116959064327,6
34,22,25.0,53.80116959064327,6
34,22,25.0,53.80116959064327,6
34,22,25.0,53.80116959064327,6
34,22,25.0,53.80116959064327,6
34,22,25.0,53.80116959064327,6
34,22,25.0,53.80116959064327,6
34,22,25.0,53.80116959064327,6
34,22,25.0,53.80116959064327,6
34,22,25.0,53.80116959064327,6
34,22,25.0,53.80116959064327,6
34,22,25.0,53.80116959064327,6
34,22,25.0,53.80116959064327,6
34,22,25.0,53.80116959064327,6
34,22,25.0,53.80116959064327,6
34,22,25.0,53.80116959064327,6
34,22,25.0,53.80116959064327,6
34,22,25.0,53.80116959064327,6
32,21,25.0,53.289473684210535,7
32,21,25.0,53.289473684210535,7
32,21,25.0,53.289473684210535,7
32,21,25.0,53.289473684210535,7
32,21,25.0,53.289473684210535,7
32,21,25.0,53.289473684210535,7
32,21,25.0,53.289473684210535,7
32,21,25.0,53.289473684210535,7
32,21,25.0,53.289473684210535,7
32,21,25.0,53.289473684210535,7
32,21,25.0,53.289473684210535,7
32,21,25.0,53.289473684210535,7
32,21,25.0,53.289473684210535,7
32,21,25.0,53.289473684210535,7
32,21,25.0,53.289473684210535,7
32,21,25.0,53.289473684210535,7
32,21,25.0,53.289473684210535,7
32,21,25.0,53.289473684210535,7
32,21,25.0,53.289473684210535,7
32,21,25.0,53.289473684210535,7
32,21,25.0,53.289473684210535,7
32,21,25.0,53.289473684210535,7
32,21,25.0,53.289473684210535,7
32,21,25.0,53.289473684210535,7
32,21,25.0,53.289473684210535,7
32,21,25.0,53.289473684210535,7
32,21,25.0,53.289473684210535,7
32,21,25.0,53.289473684210535,7
32,21,25.0,53.289473684210535,7
32,21,25.0,53.289473684210535,7
32,21,25.0,53.289473684210535,7
32,21,25.0,53.289473684210535,7
32,21,25.0,53.289473684210535,7
32,21,25.0,53.289473684210535,7
32,21,25.0,53.289473684210535,7
32,21,25.0,53.289473684210535,7
32,21,25.0,53.289473684210535,7
32,21,25.0,53.289473684210535,7
32,21,25.0,53.289473684210535,7
32,21,25.0,53.289473684210535,7
32,21,25.0,53.289473684210535,7
32,21,25.0,53.289473684210535,7
32,21,25.0,53.289473684210535,7
32,21,25.0,53.289473684210535,7
32,21,25.0,53.289473684210535,7
32,21,25.0,53.289473684210535,7
32,21,25.0,53.289473684210535,7
32,21,25.0,53.289473684210535,7
32,21,25.0,53.289473684210535,7
32,21,25.0,53.289473684210535,7
32,21,25.0,53.289473684210535,7
32,21,25.0,53.289473684210535,7
32,21,25.0,53.289473684210535,7
32,21,25.0,53.289473684210535,7
32,21,25.0,53.289473684210535,7
32,21,25.0,53.289473684210535,7
33,21,25.0,53.87426900584795,8
33,21,25.0,53.87426900584795,8
33,21,25.0,53.87426900584795,8
33,21,25.0,53.87426900584795,8
33,21,25.0,53.87426900584795,8
33,21,25.0,53.87426900584795,8
33,21,25.0,53.87426900584795,8
33,21,25.0,53.87426900584795,8
33,21,25.0,53.87426900584795,8
33,21,25.0,53.87426900584795,8
33,21,25.0,53.87426900584795,8
33,21,25.0,53.87426900584795,8
33,21,25.0,53.87426900584795,8
33,21,25.0,53.87426900584795,8
33,21,25.0,53.87426900584795,8
33,21,25.0,53.87426900584795,8
33,21,25.0,53.87426900584795,8
33,21,25.0,53.87426900584795,8
33,21,25.0,53.87426900584795,8
33,21,25.0,53.87426900584795,8
33,21,25.0,53.87426900584795,8
33,21,25.0,53.87426900584795,8
33,21,25.0,53.87426900584795,8
33,21,25.0,53.87426900584795,8
33,21,25.0,53.87426900584795,8
33,21,25.0,53.87426900584795,8
33,21,25.0,53.87426900584795,8
33,21,25.0,53.87426900584795,8
33,21,25.0,53.87426900584795,8
33,21,25.0,53.87426900584795,8
33,21,25.0,53.87426900584795,8
33,21,25.0,53.87426900584795,8
33,21,25.0,53.87426900584795,8
33,21,25.0,53.87426900584795,8
33,21,25.0,53.87426900584795,8
33,21,25.0,53.87426900584795,8
33,21,25.0,53.87426900584795,8
33,21,25.0,53.87426900584795,8
33,21,25.0,53.87426900584795,8
33,21,25.0,53.87426900584795,8
33,21,25.0,53.87426900584795,8
33,21,25.0,53.87426900584795,8
33,21,25.0,53.87426900584795,8
33,21,25.0,53.87426900584795,8
33,21,25.0,53.87426900584795,8
33,21,25.0,53.87426900584795,8
33,21,25.0,53.87426900584795,8
33,21,25.0,53.87426900584795,8
33,21,25.0,53.87426900584795,8
33,21,25.0,53.87426900584795,8
33,21,25.0,53.87426900584795,8
33,21,25.0,53.87426900584795,8
33,21,25.0,53.87426900584795,8
33,21,25.0,53.87426900584795,8
33,21,25.0,53.87426900584795,8
33,21,25.0,53.87426900584795,8
33,21,25.0,53.87426900584795,8
33,21,25.0,53.87426900584795,8
33,21,25.0,53.87426900584795,8
33,21,25.0,53.87426900584795,8
33,21,25.0,53.87426900584795,8
33,21,25.0,53.87426900584795,8
33,21,25.0,53.87426900584795,8
31,21,25.0,54.459064327485386,9
31,21,25.0,54.459064327485386,9
31,21,25.0,54.459064327485386,9
31,21,25.0,54.459064327485386,9
31,21,25.0,54.459064327485386,9
31,21,25.0,54.459064327485386,9
31,21,25.0,54.459064327485386,9
31,21,25.0,54.459064327485386,9
31,21,25.0,54.459064327485386,9
31,21,25.0,54.459064327485386,9
31,21,25.0,54.459064327485386,9
31,21,25.0,54.459064327485386,9
31,21,25.0,54.459064327485386,9
31,21,25.0,54.459064327485386,9
31,21,25.0,54.459064327485386,9
31,21,25.0,54.459064327485386,9
31,21,25.0,54.459064327485386,9
31,21,25.0,54.459064327485386,9
31,21,25.0,54.459064327485386,9
31,21,25.0,54.459064327485386,9
31,21,25.0,54.459064327485386,9
31,21,25.0,54.459064327485386,9
31,21,25.0,54.459064327485386,9
31,21,25.0,54.459064327485386,9
31,21,25.0,54.459064327485386,9
31,21,25.0,54.459064327485386,9
31,21,25.0,54.459064327485386,9
31,21,25.0,54.459064327485386,9
31,21,25.0,54.459064327485386,9
31,21,25.0,54.459064327485386,9
31,21,25.0,54.459064327485386,9
31,21,25.0,54.459064327485386,9
31,21,25.0,54.459064327485386,9
31,21,25.0,54.459064327485386,9
31,21,25.0,54.459064327485386,9
31,21,25.0,54.459064327485386,9
31,21,25.0,54.459064327485386,9
31,21,25.0,54.459064327485386,9
31,21,25.0,54.459064327485386,9
31,21,25.0,54.459064327485386,9
31,21,25.0,54.459064327485386,9
31,21,25.0,54.459064327485386,9
31,21,25.0,54.459064327485386,9
31,21,25.0,54.459064327485386,9
31,21,25.0,54.459064327485386,9
31,21,25.0,54.459064327485386,9
31,21,25.0,54.459064327485386,9
31,21,25.0,54.459064327485386,9
31,21,25.0,54.459064327485386,9
31,21,25.0,54.459064327485386,9
31,21,25.0,54.459064327485386,9
31,21,25.0,54.459064327485386,9
31,21,25.0,54.459064327485386,9
31,21,25.0,54.459064327485386,9
31,21,25.0,54.459064327485386,9
31,21,25.0,54.459064327485386,9
31,21,25.0,54.459064327485386,9
31,21,25.0,54.459064327485386,9
31,21,25.0,54.459064327485386,9
31,21,25.0,54.459064327485386,9
31,21,25.0,54.459064327485386,9
31,21,25.0,54.459064327485386,9
31,21,25.0,54.459064327485386,9
31,21,25.0,54.459064327485386,9
31,21,25.0,54.459064327485386,9
31,21,25.0,54.459064327485386,9
31,21,25.0,54.459064327485386,9
31,21,25.0,54.459064327485386,9
31,21,25.0,54.459064327485386,9
31,21,25.0,54.459064327485386,9
31,21,25.0,54.459064327485386,9
31,21,25.0,54.459064327485386,9
34,20,25.0,54.166666666666664,10
34,20,25.0,54.166666666666664,10
34,20,25.0,54.166666666666664,10
34,20,25.0,54.166666666666664,10
34,20,25.0,54.166666666666664,10
34,20,25.0,54.166666666666664,10
34,20,25.0,54.166666666666664,10
34,20,25.0,54.166666666666664,10
34,20,25.0,54.166666666666664,10
34,20,25.0,54.166666666666664,10
34,20,25.0,54.166666666666664,10
34,20,25.0,54.166666666666664,10
34,20,25.0,54.166666666666664,10
34,20,25.0,54.166666666666664,10
34,20,25.0,54.166666666666664,10
34,20,25.0,54.166666666666664,10
34,20,25.0,54.166666666666664,10
34,20,25.0,54.166666666666664,10
34,20,25.0,54.166666666666664,10
34,20,25.0,54.166666666666664,10
34,20,25.0,54.166666666666664,10
34,20,25.0,54.166666666666664,10
34,20,25.0,54.166666666666664,10
34,20,25.0,54.166666666666664,10
34,20,25.0,54.166666666666664,10
34,20,25.0,54.166666666666664,10
34,20,25.0,54.166666666666664,10
34,20,25.0,54.166666666666664,10
34,20,25.0,54.166666666666664,10
34,20,25.0,54.166666666666664,10
29,20,25.0,54.239766081871345,11
29,20,25.0,54.239766081871345,11
29,20,25.0,54.239766081871345,11
29,20,25.0,54.239766081871345,11
29,20,25.0,54.239766081871345,11
29,20,25.0,54.239766081871345,11
29,20,25.0,54.239766081871345,11
29,20,25.0,54.239766081871345,11
29,20,25.0,54.239766081871345,11
29,20,25.0,54.239766081871345,11
29,20,25.0,54.239766081871345,11
29,20,25.0,54.239766081871345,11
29,20,25.0,54.239766081871345,11
29,20,25.0,54.239766081871345,11
29,20,25.0,54.239766081871345,11
29,20,25.0,54.239766081871345,11
29,20,25.0,54.239766081871345,11
29,20,25.0,54.239766081871345,11
29,20,25.0,54.239766081871345,11
29,20,25.0,54.239766081871345,11
29,20,25.0,54.239766081871345,11
29,20,25.0,54.239766081871345,11
29,20,25.0,54.239766081871345,11
29,20,25.0,54.239766081871345,11
29,20,25.0,54.239766081871345,11
29,20,25.0,54.239766081871345,11
29,20,25.0,54.239766081871345,11
29,20,25.0,54.239766081871345,11
29,20,25.0,54.239766081871345,11
29,20,25.0,54.239766081871345,11
29,20,25.0,54.239766081871345,11
29,20,25.0,54.239766081871345,11
29,20,25.0,54.239766081871345,11
29,20,25.0,54.239766081871345,11
29,20,25.0,54.239766081871345,11
29,20,25.0,54.239766081871345,11
29,20,25.0,54.239766081871345,11
29,20,25.0,54.239766081871345,11
29,20,25.0,54.239766081871345,11
29,20,25.0,54.239766081871345,11
29,20,25.0,54.239766081871345,11
29,20,25.0,54.239766081871345,11
29,20,25.0,54.239766081871345,11
29,20,25.0,54.239766081871345,11
29,20,25.0,54.239766081871345,11
29,20,25.0,54.239766081871345,11
29,20,25.0,54.239766081871345,11
28,20,25.0,0.0,12
28,20,25.0,0.0,12
28,20,25.0,0.0,12
28,20,25.0,0.0,12
28,20,25.0,0.0,12
28,20,25.0,0.0,12
28,20,25.0,0.0,12
28,20,25.0,0.0,12
28,20,25.0,0.0,12
28,20,25.0,0.0,12
28,20,25.0,0.0,12
28,20,25.0,0.0,12
28,20,25.0,0.0,12
28,20,25.0,0.0,12
28,20,25.0,0.0,12
28,20,25.0,0.0,12
28,20,25.0,0.0,12
28,20,25.0,0.0,12
28,20,25.0,0.0,12
28,20,25.0,0.0,12
28,20,25.0,0.0,12
28,20,25.0,0.0,12
28,20,25.0,0.0,12
28,20,25.0,0.0,12
28,20,25.0,0.0,12
28,20,25.0,0.0,12
28,20,25.0,0.0,12
28,20,25.0,0.0,12
28,20,25.0,0.0,12
28,20,25.0,0.0,12
28,20,25.0,0.0,12
28,20,25.0,0.0,12
28,20,25.0,0.0,12
28,20,25.0,0.0,12
28,20,25.0,0.0,12
28,20,25.0,0.0,12
28,20,25.0,0.0,12
28,20,25.0,0.0,12
28,20,25.0,0.0,12
28,20,25.0,0.0,12
28,20,25.0,0.0,12
28,20,25.0,0.0,12
28,20,25.0,0.0,12
28,20,25.0,0.0,12
28,20,25.0,0.0,12
28,20,25.0,0.0,12
28,20,25.0,0.0,12
28,20,25.0,0.0,12
28,20,25.0,0.0,12
28,20,25.0,0.0,12
28,20,25.0,0.0,12
29,20,25.0,54.166666666666664,13
29,20,25.0,54.166666666666664,13
29,20,25.0,54.166666666666664,13
29,20,25.0,54.166666666666664,13
29,20,25.0,54.166666666666664,13
29,20,25.0,54.166666666666664,13
29,20,25.0,54.166666666666664,13
29,20,25.0,54.166666666666664,13
29,20,25.0,54.166666666666664,13
29,20,25.0,54.166666666666664,13
29,20,25.0,54.166666666666664,13
29,20,25.0,54.166666666666664,13
29,20,25.0,54.166666666666664,13
29,20,25.0,54.166666666666664,13
29,20,25.0,54.239766081871345,13
29,20,25.0,54.239766081871345,13
29,20,25.0,54.239766081871345,13
29,20,25.0,54.239766081871345,13
29,20,25.0,54.166666666666664,13
29,20,25.0,54.166666666666664,13
29,20,25.0,54.166666666666664,13
29,20,25.0,54.239766081871345,13
29,20,25.0,54.239766081871345,13
29,20,25.0,54.239766081871345,13
29,20,25.0,54.166666666666664,13
29,20,25.0,54.166666666666664,13
29,20,25.0,54.166666666666664,13
29,20,25.0,54.166666666666664,13
29,20,25.0,54.166666666666664,13
29,20,25.0,54.166666666666664,13
29,20,25.0,54.166666666666664,13
29,20,25.0,54.166666666666664,13
29,20,25.0,54.166666666666664,13
29,20,25.0,54.166666666666664,13
29,20,25.0,54.166666666666664,13
29,20,25.0,54.166666666666664,13
29,20,25.0,54.166666666666664,13
29,20,25.0,54.166666666666664,13
29,20,25.0,54.166666666666664,13
29,20,25.0,54.166666666666664,13
29,20,25.0,54.166666666666664,13
29,20,25.0,54.166666666666664,13
29,20,25.0,54.166666666666664,13
29,20,25.0,54.166666666666664,13
29,20,25.0,54.166666666666664,13
29,20,25.0,54.166666666666664,13
29,20,25.0,54.166666666666664,13
29,20,25.0,54.166666666666664,13
29,20,25.0,53.72807017543859,14
29,20,25.0,53.72807017543859,14
29,20,25.0,53.72807017543859,14
29,20,25.0,53.72807017543859,14
29,20,25.0,53.72807017543859,14
29,20,25.0,53.72807017543859,14
29,20,25.0,53.72807017543859,14
29,20,25.0,53.72807017543859,14
29,20,25.0,53.72807017543859,14
29,20,25.0,53.72807017543859,14
29,20,25.0,53.72807017543859,14
29,20,25.0,53.72807017543859,14
29,20,25.0,53.72807017543859,14
29,20,25.0,53.72807017543859,14
29,20,25.0,53.72807017543859,14
29,20,25.0,53.72807017543859,14
29,20,25.0,53.72807017543859,14
29,20,25.0,53.72807017543859,14
29,20,25.0,53.72807017543859,14
29,20,25.0,53.72807017543859,14
29,20,25.0,53.72807017543859,14
29,20,25.0,53.72807017543859,14
29,20,25.0,53.72807017543859,14
29,20,25.0,53.72807017543859,14
29,20,25.0,53.72807017543859,14
29,20,25.0,53.72807017543859,14
29,20,25.0,53.72807017543859,14
29,20,25.0,53.72807017543859,14
29,20,25.0,53.72807017543859,14
29,20,25.0,53.72807017543859,14
29,20,25.0,53.72807017543859,14
29,20,25.0,53.72807017543859,14
29,20,25.0,53.72807017543859,14
29,20,25.0,53.72807017543859,14
29,20,25.0,53.72807017543859,14
29,20,25.0,53.72807017543859,14
29,20,25.0,53.72807017543859,14
29,20,25.0,53.72807017543859,14
29,20,25.0,53.72807017543859,14
29,20,25.0,53.72807017543859,14
29,20,25.0,53.72807017543859,14
29,20,25.0,53.72807017543859,14
29,20,25.0,53.72807017543859,14
29,20,25.0,53.72807017543859,14
29,20,25.0,53.72807017543859,14
29,20,25.0,53.72807017543859,14
29,20,25.0,53.72807017543859,14
29,20,25.0,53.72807017543859,14
29,20,25.0,53.72807017543859,14
29,20,25.0,53.72807017543859,14
29,20,25.0,53.72807017543859,14
29,20,25.0,53.72807017543859,14
